N,T,pk,pm,fx
30,50,0.5,0.0001,1.7192100000000006
35,50,0.5,0.0001,1.75196
40,50,0.5,0.0001,1.793960000000001
45,50,0.5,0.0001,1.79031
50,50,0.5,0.0001,1.81359
55,50,0.5,0.0001,1.8293499999999998
60,50,0.5,0.0001,1.892350000000001
65,50,0.5,0.0001,1.86584
70,50,0.5,0.0001,1.8854299999999993
75,50,0.5,0.0001,1.9064900000000002
80,50,0.5,0.0001,1.9160100000000007
30,50,0.55,0.0001,1.69952
35,50,0.55,0.0001,1.7318600000000004
40,50,0.55,0.0001,1.79571
45,50,0.55,0.0001,1.81557
50,50,0.55,0.0001,1.8377800000000004
55,50,0.55,0.0001,1.8660600000000005
60,50,0.55,0.0001,1.8902200000000007
65,50,0.55,0.0001,1.87868
70,50,0.55,0.0001,1.8866600000000004
75,50,0.55,0.0001,1.9118799999999996
80,50,0.55,0.0001,1.92784
30,50,0.6,0.0001,1.7153500000000006
35,50,0.6,0.0001,1.7606000000000008
40,50,0.6,0.0001,1.8084999999999996
45,50,0.6,0.0001,1.82031
50,50,0.6,0.0001,1.8484300000000005
55,50,0.6,0.0001,1.8642400000000006
60,50,0.6,0.0001,1.8656999999999995
65,50,0.6,0.0001,1.8913999999999995
70,50,0.6,0.0001,1.9036100000000002
75,50,0.6,0.0001,1.9147199999999998
80,50,0.6,0.0001,1.9118600000000001
30,50,0.65,0.0001,1.7434399999999999
35,50,0.65,0.0001,1.7875999999999994
40,50,0.65,0.0001,1.8041099999999994
45,50,0.65,0.0001,1.8523900000000006
50,50,0.65,0.0001,1.8472000000000006
55,50,0.65,0.0001,1.87321
60,50,0.65,0.0001,1.8904399999999995
65,50,0.65,0.0001,1.8759199999999996
70,50,0.65,0.0001,1.91612
75,50,0.65,0.0001,1.9138700000000006
80,50,0.65,0.0001,1.9417399999999998
30,50,0.7,0.0001,1.7520899999999997
35,50,0.7,0.0001,1.7915399999999997
40,50,0.7,0.0001,1.840509999999999
45,50,0.7,0.0001,1.8451800000000005
50,50,0.7,0.0001,1.8832500000000008
55,50,0.7,0.0001,1.85924
60,50,0.7,0.0001,1.9093100000000005
65,50,0.7,0.0001,1.9164499999999998
70,50,0.7,0.0001,1.92452
75,50,0.7,0.0001,1.9392900000000004
80,50,0.7,0.0001,1.9179100000000004
30,50,0.75,0.0001,1.7132000000000003
35,50,0.75,0.0001,1.8009999999999997
40,50,0.75,0.0001,1.8507599999999993
45,50,0.75,0.0001,1.8316900000000005
50,50,0.75,0.0001,1.8836200000000005
55,50,0.75,0.0001,1.8813900000000003
60,50,0.75,0.0001,1.9090199999999995
65,50,0.75,0.0001,1.9166699999999997
70,50,0.75,0.0001,1.9284400000000002
75,50,0.75,0.0001,1.9212
80,50,0.75,0.0001,1.9550800000000006
30,50,0.8,0.0001,1.7443600000000006
35,50,0.8,0.0001,1.7726400000000007
40,50,0.8,0.0001,1.7944400000000005
45,50,0.8,0.0001,1.8450599999999997
50,50,0.8,0.0001,1.8664100000000006
55,50,0.8,0.0001,1.9073200000000006
60,50,0.8,0.0001,1.9199700000000004
65,50,0.8,0.0001,1.9211000000000005
70,50,0.8,0.0001,1.9140400000000006
75,50,0.8,0.0001,1.9265799999999995
80,50,0.8,0.0001,1.9366699999999997
30,50,0.85,0.0001,1.7969400000000004
35,50,0.85,0.0001,1.7893299999999994
40,50,0.85,0.0001,1.8423299999999991
45,50,0.85,0.0001,1.8607599999999993
50,50,0.85,0.0001,1.8675000000000006
55,50,0.85,0.0001,1.8948500000000001
60,50,0.85,0.0001,1.9016900000000008
65,50,0.85,0.0001,1.9247099999999997
70,50,0.85,0.0001,1.9319199999999999
75,50,0.85,0.0001,1.9470300000000003
80,50,0.85,0.0001,1.9452099999999999
30,50,0.9,0.0001,1.79864
35,50,0.9,0.0001,1.8232400000000004
40,50,0.9,0.0001,1.84219
45,50,0.9,0.0001,1.86128
50,50,0.9,0.0001,1.9006599999999998
55,50,0.9,0.0001,1.9047
60,50,0.9,0.0001,1.9130700000000003
65,50,0.9,0.0001,1.9225200000000005
70,50,0.9,0.0001,1.94056
75,50,0.9,0.0001,1.94492
80,50,0.9,0.0001,1.9500899999999999
30,50,0.5,0.0005,1.71842
35,50,0.5,0.0005,1.74782
40,50,0.5,0.0005,1.8123000000000007
45,50,0.5,0.0005,1.8278699999999999
50,50,0.5,0.0005,1.8089800000000005
55,50,0.5,0.0005,1.8703299999999998
60,50,0.5,0.0005,1.861390000000001
65,50,0.5,0.0005,1.88821
70,50,0.5,0.0005,1.9212300000000002
75,50,0.5,0.0005,1.8870100000000003
80,50,0.5,0.0005,1.9224700000000003
30,50,0.55,0.0005,1.7145800000000007
35,50,0.55,0.0005,1.7647500000000003
40,50,0.55,0.0005,1.8407800000000005
45,50,0.55,0.0005,1.8079399999999999
50,50,0.55,0.0005,1.83447
55,50,0.55,0.0005,1.87485
60,50,0.55,0.0005,1.86826
65,50,0.55,0.0005,1.9018000000000006
70,50,0.55,0.0005,1.9153699999999991
75,50,0.55,0.0005,1.89951
80,50,0.55,0.0005,1.90858
30,50,0.6,0.0005,1.6887999999999996
35,50,0.6,0.0005,1.7724900000000006
40,50,0.6,0.0005,1.8176600000000003
45,50,0.6,0.0005,1.8141300000000005
50,50,0.6,0.0005,1.87793
55,50,0.6,0.0005,1.8791699999999991
60,50,0.6,0.0005,1.8928400000000007
65,50,0.6,0.0005,1.9049299999999993
70,50,0.6,0.0005,1.9209700000000007
75,50,0.6,0.0005,1.93048
80,50,0.6,0.0005,1.9127799999999993
30,50,0.65,0.0005,1.7204200000000005
35,50,0.65,0.0005,1.8224100000000008
40,50,0.65,0.0005,1.803470000000001
45,50,0.65,0.0005,1.8206
50,50,0.65,0.0005,1.8833900000000006
55,50,0.65,0.0005,1.8890299999999995
60,50,0.65,0.0005,1.86532
65,50,0.65,0.0005,1.8728999999999996
70,50,0.65,0.0005,1.9145700000000005
75,50,0.65,0.0005,1.9399400000000007
80,50,0.65,0.0005,1.9348299999999998
30,50,0.7,0.0005,1.7285800000000002
35,50,0.7,0.0005,1.78101
40,50,0.7,0.0005,1.8185899999999995
45,50,0.7,0.0005,1.8475499999999996
50,50,0.7,0.0005,1.8869599999999993
55,50,0.7,0.0005,1.9049400000000003
60,50,0.7,0.0005,1.91667
65,50,0.7,0.0005,1.9142800000000002
70,50,0.7,0.0005,1.9179400000000002
75,50,0.7,0.0005,1.925140000000001
80,50,0.7,0.0005,1.9370699999999998
30,50,0.75,0.0005,1.718510000000001
35,50,0.75,0.0005,1.8375999999999997
40,50,0.75,0.0005,1.8314300000000003
45,50,0.75,0.0005,1.8413499999999998
50,50,0.75,0.0005,1.85175
55,50,0.75,0.0005,1.8745600000000002
60,50,0.75,0.0005,1.9114900000000004
65,50,0.75,0.0005,1.9243900000000007
70,50,0.75,0.0005,1.9284400000000002
75,50,0.75,0.0005,1.9480000000000004
80,50,0.75,0.0005,1.93853
30,50,0.8,0.0005,1.7489200000000005
35,50,0.8,0.0005,1.81005
40,50,0.8,0.0005,1.8498000000000006
45,50,0.8,0.0005,1.8764200000000002
50,50,0.8,0.0005,1.8831000000000007
55,50,0.8,0.0005,1.8949300000000002
60,50,0.8,0.0005,1.9158700000000002
65,50,0.8,0.0005,1.93813
70,50,0.8,0.0005,1.9421199999999998
75,50,0.8,0.0005,1.9572899999999998
80,50,0.8,0.0005,1.9616999999999998
30,50,0.85,0.0005,1.7679799999999994
35,50,0.85,0.0005,1.8277900000000005
40,50,0.85,0.0005,1.8277399999999995
45,50,0.85,0.0005,1.87288
50,50,0.85,0.0005,1.8652300000000006
55,50,0.85,0.0005,1.9082300000000005
60,50,0.85,0.0005,1.9093799999999996
65,50,0.85,0.0005,1.9138799999999998
70,50,0.85,0.0005,1.9306099999999997
75,50,0.85,0.0005,1.9388400000000001
80,50,0.85,0.0005,1.9488200000000004
30,50,0.9,0.0005,1.7832600000000003
35,50,0.9,0.0005,1.8156699999999995
40,50,0.9,0.0005,1.8276100000000002
45,50,0.9,0.0005,1.8941500000000004
50,50,0.9,0.0005,1.89488
55,50,0.9,0.0005,1.90561
60,50,0.9,0.0005,1.9270500000000004
65,50,0.9,0.0005,1.9216499999999999
70,50,0.9,0.0005,1.9191599999999993
75,50,0.9,0.0005,1.9366699999999994
80,50,0.9,0.0005,1.9616399999999998
30,50,0.5,0.001,1.7325000000000006
35,50,0.5,0.001,1.7996100000000004
40,50,0.5,0.001,1.7860400000000005
45,50,0.5,0.001,1.8682600000000003
50,50,0.5,0.001,1.8548300000000004
55,50,0.5,0.001,1.8578700000000001
60,50,0.5,0.001,1.8723000000000007
65,50,0.5,0.001,1.8817600000000005
70,50,0.5,0.001,1.9137799999999998
75,50,0.5,0.001,1.8962999999999997
80,50,0.5,0.001,1.9078200000000003
30,50,0.55,0.001,1.7365899999999996
35,50,0.55,0.001,1.79381
40,50,0.55,0.001,1.82848
45,50,0.55,0.001,1.8155399999999997
50,50,0.55,0.001,1.8668199999999997
55,50,0.55,0.001,1.87038
60,50,0.55,0.001,1.8859200000000005
65,50,0.55,0.001,1.89497
70,50,0.55,0.001,1.9250200000000004
75,50,0.55,0.001,1.91708
80,50,0.55,0.001,1.9348999999999998
30,50,0.6,0.001,1.7612899999999998
35,50,0.6,0.001,1.8130099999999998
40,50,0.6,0.001,1.81761
45,50,0.6,0.001,1.8248699999999998
50,50,0.6,0.001,1.8659100000000004
55,50,0.6,0.001,1.9114499999999994
60,50,0.6,0.001,1.8964600000000003
65,50,0.6,0.001,1.9097
70,50,0.6,0.001,1.92524
75,50,0.6,0.001,1.93125
80,50,0.6,0.001,1.9574599999999998
30,50,0.65,0.001,1.7992000000000001
35,50,0.65,0.001,1.78599
40,50,0.65,0.001,1.8359499999999997
45,50,0.65,0.001,1.8628900000000004
50,50,0.65,0.001,1.8511100000000003
55,50,0.65,0.001,1.8874600000000006
60,50,0.65,0.001,1.88611
65,50,0.65,0.001,1.9228899999999995
70,50,0.65,0.001,1.9164099999999993
75,50,0.65,0.001,1.9393300000000004
80,50,0.65,0.001,1.9319
30,50,0.7,0.001,1.7581
35,50,0.7,0.001,1.8050600000000003
40,50,0.7,0.001,1.8544300000000007
45,50,0.7,0.001,1.8512199999999999
50,50,0.7,0.001,1.8734899999999999
55,50,0.7,0.001,1.916490000000001
60,50,0.7,0.001,1.9342700000000008
65,50,0.7,0.001,1.91323
70,50,0.7,0.001,1.9048899999999998
75,50,0.7,0.001,1.9088099999999995
80,50,0.7,0.001,1.9417300000000004
30,50,0.75,0.001,1.7534199999999998
35,50,0.75,0.001,1.8247600000000004
40,50,0.75,0.001,1.8740100000000002
45,50,0.75,0.001,1.8294500000000005
50,50,0.75,0.001,1.8817499999999998
55,50,0.75,0.001,1.8981100000000006
60,50,0.75,0.001,1.9099099999999993
65,50,0.75,0.001,1.9140900000000005
70,50,0.75,0.001,1.9303
75,50,0.75,0.001,1.94668
80,50,0.75,0.001,1.9551100000000003
30,50,0.8,0.001,1.7875599999999998
35,50,0.8,0.001,1.80014
40,50,0.8,0.001,1.8387600000000008
45,50,0.8,0.001,1.89893
50,50,0.8,0.001,1.8794499999999994
55,50,0.8,0.001,1.90174
60,50,0.8,0.001,1.9295100000000005
65,50,0.8,0.001,1.9155700000000002
70,50,0.8,0.001,1.9441900000000008
75,50,0.8,0.001,1.9336700000000004
80,50,0.8,0.001,1.9467500000000002
30,50,0.85,0.001,1.76452
35,50,0.85,0.001,1.8319000000000007
40,50,0.85,0.001,1.8602200000000004
45,50,0.85,0.001,1.8545699999999998
50,50,0.85,0.001,1.8822000000000003
55,50,0.85,0.001,1.9095199999999997
60,50,0.85,0.001,1.9377900000000003
65,50,0.85,0.001,1.93899
70,50,0.85,0.001,1.9301300000000003
75,50,0.85,0.001,1.9363299999999994
80,50,0.85,0.001,1.9487899999999998
30,50,0.9,0.001,1.7863900000000006
35,50,0.9,0.001,1.8365600000000006
40,50,0.9,0.001,1.8504600000000004
45,50,0.9,0.001,1.8851000000000004
50,50,0.9,0.001,1.9100799999999998
55,50,0.9,0.001,1.91687
60,50,0.9,0.001,1.91544
65,50,0.9,0.001,1.9269700000000003
70,50,0.9,0.001,1.9430700000000005
75,50,0.9,0.001,1.94666
80,50,0.9,0.001,1.9454099999999999
30,50,0.5,0.005,1.7636400000000005
35,50,0.5,0.005,1.8034800000000006
40,50,0.5,0.005,1.8511900000000006
45,50,0.5,0.005,1.8897799999999996
50,50,0.5,0.005,1.90104
55,50,0.5,0.005,1.9298100000000002
60,50,0.5,0.005,1.9170100000000003
65,50,0.5,0.005,1.9051600000000004
70,50,0.5,0.005,1.946879999999999
75,50,0.5,0.005,1.9437700000000007
80,50,0.5,0.005,1.9494200000000002
30,50,0.55,0.005,1.8018399999999997
35,50,0.55,0.005,1.83258
40,50,0.55,0.005,1.8584300000000002
45,50,0.55,0.005,1.8708400000000005
50,50,0.55,0.005,1.9233699999999998
55,50,0.55,0.005,1.8993300000000002
60,50,0.55,0.005,1.9156199999999999
65,50,0.55,0.005,1.9376399999999996
70,50,0.55,0.005,1.9210499999999997
75,50,0.55,0.005,1.9463799999999998
80,50,0.55,0.005,1.95204
30,50,0.6,0.005,1.815870000000001
35,50,0.6,0.005,1.8437199999999994
40,50,0.6,0.005,1.8488900000000001
45,50,0.6,0.005,1.8777799999999996
50,50,0.6,0.005,1.9216799999999998
55,50,0.6,0.005,1.9275200000000003
60,50,0.6,0.005,1.9301299999999997
65,50,0.6,0.005,1.9334500000000006
70,50,0.6,0.005,1.9412000000000007
75,50,0.6,0.005,1.9401899999999994
80,50,0.6,0.005,1.9572099999999997
30,50,0.65,0.005,1.8061900000000006
35,50,0.65,0.005,1.8512699999999997
40,50,0.65,0.005,1.8776299999999997
45,50,0.65,0.005,1.87963
50,50,0.65,0.005,1.9165500000000002
55,50,0.65,0.005,1.94064
60,50,0.65,0.005,1.9289399999999999
65,50,0.65,0.005,1.9270699999999996
70,50,0.65,0.005,1.9325899999999996
75,50,0.65,0.005,1.9629600000000003
80,50,0.65,0.005,1.9691300000000005
30,50,0.7,0.005,1.82673
35,50,0.7,0.005,1.83264
40,50,0.7,0.005,1.8793999999999997
45,50,0.7,0.005,1.9223699999999997
50,50,0.7,0.005,1.93782
55,50,0.7,0.005,1.9326799999999995
60,50,0.7,0.005,1.9445499999999993
65,50,0.7,0.005,1.9400300000000004
70,50,0.7,0.005,1.95199
75,50,0.7,0.005,1.9642899999999994
80,50,0.7,0.005,1.9683399999999998
30,50,0.75,0.005,1.8218199999999996
35,50,0.75,0.005,1.8532799999999998
40,50,0.75,0.005,1.8586000000000007
45,50,0.75,0.005,1.9192700000000003
50,50,0.75,0.005,1.92177
55,50,0.75,0.005,1.9315300000000002
60,50,0.75,0.005,1.9234199999999992
65,50,0.75,0.005,1.9572999999999998
70,50,0.75,0.005,1.9563599999999999
75,50,0.75,0.005,1.9561499999999996
80,50,0.75,0.005,1.97542
30,50,0.8,0.005,1.84291
35,50,0.8,0.005,1.83727
40,50,0.8,0.005,1.902150000000001
45,50,0.8,0.005,1.9069999999999998
50,50,0.8,0.005,1.91693
55,50,0.8,0.005,1.93071
60,50,0.8,0.005,1.9396499999999997
65,50,0.8,0.005,1.92772
70,50,0.8,0.005,1.95983
75,50,0.8,0.005,1.96677
80,50,0.8,0.005,1.97416
30,50,0.85,0.005,1.8516600000000003
35,50,0.85,0.005,1.8633700000000002
40,50,0.85,0.005,1.89939
45,50,0.85,0.005,1.8846799999999992
50,50,0.85,0.005,1.90344
55,50,0.85,0.005,1.9274299999999998
60,50,0.85,0.005,1.9298600000000001
65,50,0.85,0.005,1.9535799999999997
70,50,0.85,0.005,1.9493799999999997
75,50,0.85,0.005,1.9710299999999998
80,50,0.85,0.005,1.96979
30,50,0.9,0.005,1.8251400000000004
35,50,0.9,0.005,1.8477800000000002
40,50,0.9,0.005,1.87683
45,50,0.9,0.005,1.8855100000000002
50,50,0.9,0.005,1.9195100000000003
55,50,0.9,0.005,1.9490299999999998
60,50,0.9,0.005,1.9297399999999998
65,50,0.9,0.005,1.9673199999999995
70,50,0.9,0.005,1.9650099999999997
75,50,0.9,0.005,1.9673500000000002
80,50,0.9,0.005,1.9716099999999996
30,50,0.5,0.01,1.8423999999999998
35,50,0.5,0.01,1.8384699999999998
40,50,0.5,0.01,1.90927
45,50,0.5,0.01,1.9078900000000005
50,50,0.5,0.01,1.9327199999999995
55,50,0.5,0.01,1.9452399999999996
60,50,0.5,0.01,1.9399499999999998
65,50,0.5,0.01,1.9625200000000005
70,50,0.5,0.01,1.96417
75,50,0.5,0.01,1.9745999999999995
80,50,0.5,0.01,1.9690000000000003
30,50,0.55,0.01,1.8473300000000001
35,50,0.55,0.01,1.9124900000000002
40,50,0.55,0.01,1.8788799999999997
45,50,0.55,0.01,1.9264299999999996
50,50,0.55,0.01,1.96176
55,50,0.55,0.01,1.9413
60,50,0.55,0.01,1.953
65,50,0.55,0.01,1.9545599999999999
70,50,0.55,0.01,1.96708
75,50,0.55,0.01,1.97083
80,50,0.55,0.01,1.9682100000000002
30,50,0.6,0.01,1.84191
35,50,0.6,0.01,1.8863600000000003
40,50,0.6,0.01,1.9182399999999995
45,50,0.6,0.01,1.9109299999999994
50,50,0.6,0.01,1.9406200000000005
55,50,0.6,0.01,1.95011
60,50,0.6,0.01,1.9507700000000006
65,50,0.6,0.01,1.9697699999999998
70,50,0.6,0.01,1.9517800000000007
75,50,0.6,0.01,1.9592999999999998
80,50,0.6,0.01,1.9837
30,50,0.65,0.01,1.89541
35,50,0.65,0.01,1.9127399999999997
40,50,0.65,0.01,1.91346
45,50,0.65,0.01,1.9202599999999992
50,50,0.65,0.01,1.9460100000000002
55,50,0.65,0.01,1.9429999999999998
60,50,0.65,0.01,1.9426499999999993
65,50,0.65,0.01,1.95302
70,50,0.65,0.01,1.9700499999999999
75,50,0.65,0.01,1.9613799999999995
80,50,0.65,0.01,1.98214
30,50,0.7,0.01,1.87036
35,50,0.7,0.01,1.9016699999999995
40,50,0.7,0.01,1.9097699999999997
45,50,0.7,0.01,1.91803
50,50,0.7,0.01,1.9484799999999993
55,50,0.7,0.01,1.93719
60,50,0.7,0.01,1.95544
65,50,0.7,0.01,1.94666
70,50,0.7,0.01,1.9660300000000004
75,50,0.7,0.01,1.9649000000000003
80,50,0.7,0.01,1.96622
30,50,0.75,0.01,1.8789900000000004
35,50,0.75,0.01,1.8948299999999998
40,50,0.75,0.01,1.9178799999999998
45,50,0.75,0.01,1.9232900000000002
50,50,0.75,0.01,1.943740000000001
55,50,0.75,0.01,1.9583199999999996
60,50,0.75,0.01,1.9530400000000003
65,50,0.75,0.01,1.95961
70,50,0.75,0.01,1.96723
75,50,0.75,0.01,1.9705499999999998
80,50,0.75,0.01,1.9811899999999998
30,50,0.8,0.01,1.8631399999999994
35,50,0.8,0.01,1.8974899999999995
40,50,0.8,0.01,1.9215999999999998
45,50,0.8,0.01,1.92048
50,50,0.8,0.01,1.9420300000000004
55,50,0.8,0.01,1.9589399999999997
60,50,0.8,0.01,1.9684800000000002
65,50,0.8,0.01,1.9745399999999997
70,50,0.8,0.01,1.98017
75,50,0.8,0.01,1.98142
80,50,0.8,0.01,1.98868
30,50,0.85,0.01,1.8996199999999996
35,50,0.85,0.01,1.9134200000000001
40,50,0.85,0.01,1.9223099999999997
45,50,0.85,0.01,1.9278299999999995
50,50,0.85,0.01,1.9417600000000002
55,50,0.85,0.01,1.9549800000000004
60,50,0.85,0.01,1.96568
65,50,0.85,0.01,1.9718999999999998
70,50,0.85,0.01,1.9905200000000003
75,50,0.85,0.01,1.9785600000000003
80,50,0.85,0.01,1.98868
30,50,0.9,0.01,1.8610900000000001
35,50,0.9,0.01,1.92396
40,50,0.9,0.01,1.9125499999999998
45,50,0.9,0.01,1.9407400000000004
50,50,0.9,0.01,1.95646
55,50,0.9,0.01,1.9556500000000003
60,50,0.9,0.01,1.9677
65,50,0.9,0.01,1.9841500000000003
70,50,0.9,0.01,1.9758399999999998
75,50,0.9,0.01,1.9673399999999999
80,50,0.9,0.01,1.98825
30,60,0.5,0.0001,1.72464
35,60,0.5,0.0001,1.7544000000000008
40,60,0.5,0.0001,1.7691200000000002
45,60,0.5,0.0001,1.77355
50,60,0.5,0.0001,1.8426600000000004
55,60,0.5,0.0001,1.8310200000000003
60,60,0.5,0.0001,1.8374700000000006
65,60,0.5,0.0001,1.88469
70,60,0.5,0.0001,1.90272
75,60,0.5,0.0001,1.9157000000000008
80,60,0.5,0.0001,1.93987
30,60,0.55,0.0001,1.717830000000001
35,60,0.55,0.0001,1.7205000000000006
40,60,0.55,0.0001,1.7929899999999999
45,60,0.55,0.0001,1.8144900000000002
50,60,0.55,0.0001,1.8422600000000005
55,60,0.55,0.0001,1.8596499999999994
60,60,0.55,0.0001,1.8935799999999994
65,60,0.55,0.0001,1.88594
70,60,0.55,0.0001,1.9052399999999998
75,60,0.55,0.0001,1.9032599999999997
80,60,0.55,0.0001,1.9093599999999995
30,60,0.6,0.0001,1.76916
35,60,0.6,0.0001,1.7796299999999994
40,60,0.6,0.0001,1.785320000000001
45,60,0.6,0.0001,1.8223299999999998
50,60,0.6,0.0001,1.8433700000000004
55,60,0.6,0.0001,1.85344
60,60,0.6,0.0001,1.8834900000000008
65,60,0.6,0.0001,1.8967400000000003
70,60,0.6,0.0001,1.91792
75,60,0.6,0.0001,1.9148000000000005
80,60,0.6,0.0001,1.9233499999999994
30,60,0.65,0.0001,1.760280000000001
35,60,0.65,0.0001,1.7974100000000006
40,60,0.65,0.0001,1.80992
45,60,0.65,0.0001,1.8370500000000007
50,60,0.65,0.0001,1.8681900000000005
55,60,0.65,0.0001,1.86733
60,60,0.65,0.0001,1.9102600000000003
65,60,0.65,0.0001,1.9029800000000001
70,60,0.65,0.0001,1.8966199999999998
75,60,0.65,0.0001,1.9256000000000002
80,60,0.65,0.0001,1.9366599999999996
30,60,0.7,0.0001,1.7648500000000007
35,60,0.7,0.0001,1.8019299999999998
40,60,0.7,0.0001,1.8217900000000011
45,60,0.7,0.0001,1.8595899999999999
50,60,0.7,0.0001,1.8567800000000005
55,60,0.7,0.0001,1.85785
60,60,0.7,0.0001,1.9213999999999996
65,60,0.7,0.0001,1.8976499999999996
70,60,0.7,0.0001,1.9035400000000005
75,60,0.7,0.0001,1.9194699999999998
80,60,0.7,0.0001,1.9291400000000005
30,60,0.75,0.0001,1.75002
35,60,0.75,0.0001,1.7626400000000007
40,60,0.75,0.0001,1.8405499999999997
45,60,0.75,0.0001,1.8639399999999997
50,60,0.75,0.0001,1.85732
55,60,0.75,0.0001,1.8811899999999995
60,60,0.75,0.0001,1.91853
65,60,0.75,0.0001,1.8992300000000006
70,60,0.75,0.0001,1.9341799999999998
75,60,0.75,0.0001,1.9282000000000001
80,60,0.75,0.0001,1.9309599999999998
30,60,0.8,0.0001,1.75325
35,60,0.8,0.0001,1.798890000000001
40,60,0.8,0.0001,1.80651
45,60,0.8,0.0001,1.82628
50,60,0.8,0.0001,1.8742199999999998
55,60,0.8,0.0001,1.9031300000000004
60,60,0.8,0.0001,1.9065200000000004
65,60,0.8,0.0001,1.9148199999999995
70,60,0.8,0.0001,1.90813
75,60,0.8,0.0001,1.9466799999999997
80,60,0.8,0.0001,1.9436499999999999
30,60,0.85,0.0001,1.7320900000000001
35,60,0.85,0.0001,1.81481
40,60,0.85,0.0001,1.8006899999999997
45,60,0.85,0.0001,1.8682199999999998
50,60,0.85,0.0001,1.8898
55,60,0.85,0.0001,1.8979999999999995
60,60,0.85,0.0001,1.9214399999999998
65,60,0.85,0.0001,1.90357
70,60,0.85,0.0001,1.9208099999999997
75,60,0.85,0.0001,1.9262699999999997
80,60,0.85,0.0001,1.94553
30,60,0.9,0.0001,1.7886199999999999
35,60,0.9,0.0001,1.8225200000000001
40,60,0.9,0.0001,1.8658699999999993
45,60,0.9,0.0001,1.8430799999999996
50,60,0.9,0.0001,1.8839500000000005
55,60,0.9,0.0001,1.87863
60,60,0.9,0.0001,1.9315600000000006
65,60,0.9,0.0001,1.92228
70,60,0.9,0.0001,1.93695
75,60,0.9,0.0001,1.9500999999999997
80,60,0.9,0.0001,1.9468499999999997
30,60,0.5,0.0005,1.7297500000000008
35,60,0.5,0.0005,1.7644600000000006
40,60,0.5,0.0005,1.80403
45,60,0.5,0.0005,1.8413500000000012
50,60,0.5,0.0005,1.8709300000000002
55,60,0.5,0.0005,1.860090000000001
60,60,0.5,0.0005,1.8956600000000003
65,60,0.5,0.0005,1.87755
70,60,0.5,0.0005,1.9060600000000008
75,60,0.5,0.0005,1.9281699999999993
80,60,0.5,0.0005,1.9237199999999999
30,60,0.55,0.0005,1.7475500000000006
35,60,0.55,0.0005,1.7798500000000006
40,60,0.55,0.0005,1.7814800000000002
45,60,0.55,0.0005,1.825270000000001
50,60,0.55,0.0005,1.8692000000000004
55,60,0.55,0.0005,1.8220900000000007
60,60,0.55,0.0005,1.8875099999999998
65,60,0.55,0.0005,1.9024600000000007
70,60,0.55,0.0005,1.9145799999999997
75,60,0.55,0.0005,1.9261200000000003
80,60,0.55,0.0005,1.9354700000000005
30,60,0.6,0.0005,1.78203
35,60,0.6,0.0005,1.7781100000000003
40,60,0.6,0.0005,1.7918999999999992
45,60,0.6,0.0005,1.8168300000000002
50,60,0.6,0.0005,1.8684200000000002
55,60,0.6,0.0005,1.8605900000000006
60,60,0.6,0.0005,1.9062800000000006
65,60,0.6,0.0005,1.9078500000000003
70,60,0.6,0.0005,1.90197
75,60,0.6,0.0005,1.9276200000000001
80,60,0.6,0.0005,1.93726
30,60,0.65,0.0005,1.7864499999999999
35,60,0.65,0.0005,1.8353200000000007
40,60,0.65,0.0005,1.8302200000000002
45,60,0.65,0.0005,1.8694500000000005
50,60,0.65,0.0005,1.8738999999999992
55,60,0.65,0.0005,1.8883299999999996
60,60,0.65,0.0005,1.9010800000000003
65,60,0.65,0.0005,1.9011899999999997
70,60,0.65,0.0005,1.90557
75,60,0.65,0.0005,1.9327499999999995
80,60,0.65,0.0005,1.9337499999999994
30,60,0.7,0.0005,1.78605
35,60,0.7,0.0005,1.8109600000000003
40,60,0.7,0.0005,1.8521699999999999
45,60,0.7,0.0005,1.8495999999999997
50,60,0.7,0.0005,1.8679
55,60,0.7,0.0005,1.883989999999999
60,60,0.7,0.0005,1.8845599999999996
65,60,0.7,0.0005,1.9019699999999995
70,60,0.7,0.0005,1.9212900000000008
75,60,0.7,0.0005,1.9300100000000007
80,60,0.7,0.0005,1.92096
30,60,0.75,0.0005,1.7892199999999996
35,60,0.75,0.0005,1.8159100000000006
40,60,0.75,0.0005,1.8439600000000005
45,60,0.75,0.0005,1.8827399999999996
50,60,0.75,0.0005,1.88253
55,60,0.75,0.0005,1.8722699999999997
60,60,0.75,0.0005,1.8942400000000006
65,60,0.75,0.0005,1.9448299999999998
70,60,0.75,0.0005,1.9417500000000003
75,60,0.75,0.0005,1.9363800000000004
80,60,0.75,0.0005,1.94517
30,60,0.8,0.0005,1.7696599999999996
35,60,0.8,0.0005,1.8024600000000004
40,60,0.8,0.0005,1.86167
45,60,0.8,0.0005,1.8493000000000002
50,60,0.8,0.0005,1.86607
55,60,0.8,0.0005,1.9002700000000001
60,60,0.8,0.0005,1.92248
65,60,0.8,0.0005,1.9184199999999998
70,60,0.8,0.0005,1.94059
75,60,0.8,0.0005,1.9429699999999999
80,60,0.8,0.0005,1.9640700000000002
30,60,0.85,0.0005,1.7573300000000005
35,60,0.85,0.0005,1.79441
40,60,0.85,0.0005,1.8454499999999998
45,60,0.85,0.0005,1.8382999999999996
50,60,0.85,0.0005,1.9124700000000008
55,60,0.85,0.0005,1.9022899999999996
60,60,0.85,0.0005,1.91144
65,60,0.85,0.0005,1.9350900000000004
70,60,0.85,0.0005,1.9466999999999999
75,60,0.85,0.0005,1.943880000000001
80,60,0.85,0.0005,1.9503500000000003
30,60,0.9,0.0005,1.7606600000000003
35,60,0.9,0.0005,1.800759999999999
40,60,0.9,0.0005,1.8815699999999997
45,60,0.9,0.0005,1.894930000000001
50,60,0.9,0.0005,1.9056299999999995
55,60,0.9,0.0005,1.9051300000000004
60,60,0.9,0.0005,1.9170099999999994
65,60,0.9,0.0005,1.9111099999999996
70,60,0.9,0.0005,1.9572399999999999
75,60,0.9,0.0005,1.9437100000000003
80,60,0.9,0.0005,1.9516099999999996
30,60,0.5,0.001,1.7338000000000005
35,60,0.5,0.001,1.7837199999999993
40,60,0.5,0.001,1.8061799999999995
45,60,0.5,0.001,1.8333300000000015
50,60,0.5,0.001,1.8394500000000003
55,60,0.5,0.001,1.8745300000000007
60,60,0.5,0.001,1.8832600000000008
65,60,0.5,0.001,1.9046499999999997
70,60,0.5,0.001,1.9121599999999994
75,60,0.5,0.001,1.9111700000000003
80,60,0.5,0.001,1.9138
30,60,0.55,0.001,1.73694
35,60,0.55,0.001,1.7807900000000005
40,60,0.55,0.001,1.8241100000000008
45,60,0.55,0.001,1.8548499999999999
50,60,0.55,0.001,1.8677699999999995
55,60,0.55,0.001,1.88997
60,60,0.55,0.001,1.88766
65,60,0.55,0.001,1.9172400000000007
70,60,0.55,0.001,1.9022
75,60,0.55,0.001,1.9294200000000004
80,60,0.55,0.001,1.9130100000000008
30,60,0.6,0.001,1.7679400000000007
35,60,0.6,0.001,1.7710999999999997
40,60,0.6,0.001,1.8493100000000005
45,60,0.6,0.001,1.8822799999999997
50,60,0.6,0.001,1.85234
55,60,0.6,0.001,1.8861500000000004
60,60,0.6,0.001,1.8675300000000001
65,60,0.6,0.001,1.9115599999999997
70,60,0.6,0.001,1.9198199999999996
75,60,0.6,0.001,1.9382100000000002
80,60,0.6,0.001,1.9328999999999994
30,60,0.65,0.001,1.78606
35,60,0.65,0.001,1.8191300000000004
40,60,0.65,0.001,1.8437000000000006
45,60,0.65,0.001,1.85779
50,60,0.65,0.001,1.8527200000000001
55,60,0.65,0.001,1.8901499999999996
60,60,0.65,0.001,1.8877500000000003
65,60,0.65,0.001,1.9314099999999994
70,60,0.65,0.001,1.93797
75,60,0.65,0.001,1.9124700000000001
80,60,0.65,0.001,1.9473600000000002
30,60,0.7,0.001,1.7814300000000005
35,60,0.7,0.001,1.8031899999999996
40,60,0.7,0.001,1.8215600000000012
45,60,0.7,0.001,1.8332000000000008
50,60,0.7,0.001,1.8830800000000005
55,60,0.7,0.001,1.9030399999999998
60,60,0.7,0.001,1.9080600000000003
65,60,0.7,0.001,1.9106700000000003
70,60,0.7,0.001,1.9137699999999997
75,60,0.7,0.001,1.9346000000000003
80,60,0.7,0.001,1.94347
30,60,0.75,0.001,1.7849300000000001
35,60,0.75,0.001,1.81762
40,60,0.75,0.001,1.8357899999999998
45,60,0.75,0.001,1.8721200000000005
50,60,0.75,0.001,1.87887
55,60,0.75,0.001,1.9017600000000001
60,60,0.75,0.001,1.90821
65,60,0.75,0.001,1.9313200000000006
70,60,0.75,0.001,1.91316
75,60,0.75,0.001,1.9413299999999996
80,60,0.75,0.001,1.9524299999999999
30,60,0.8,0.001,1.8116700000000001
35,60,0.8,0.001,1.8545200000000006
40,60,0.8,0.001,1.8477300000000003
45,60,0.8,0.001,1.86119
50,60,0.8,0.001,1.9074999999999995
55,60,0.8,0.001,1.8836499999999996
60,60,0.8,0.001,1.9036400000000002
65,60,0.8,0.001,1.9225900000000002
70,60,0.8,0.001,1.90799
75,60,0.8,0.001,1.9539
80,60,0.8,0.001,1.9440099999999996
30,60,0.85,0.001,1.7952499999999998
35,60,0.85,0.001,1.8425
40,60,0.85,0.001,1.85428
45,60,0.85,0.001,1.86949
50,60,0.85,0.001,1.8945499999999995
55,60,0.85,0.001,1.9079700000000002
60,60,0.85,0.001,1.9287200000000002
65,60,0.85,0.001,1.9387400000000001
70,60,0.85,0.001,1.9455999999999996
75,60,0.85,0.001,1.9337299999999993
80,60,0.85,0.001,1.94425
30,60,0.9,0.001,1.80793
35,60,0.9,0.001,1.8199100000000004
40,60,0.9,0.001,1.8522200000000004
45,60,0.9,0.001,1.9025500000000006
50,60,0.9,0.001,1.9014599999999995
55,60,0.9,0.001,1.9034600000000004
60,60,0.9,0.001,1.9199799999999994
65,60,0.9,0.001,1.9364300000000003
70,60,0.9,0.001,1.94001
75,60,0.9,0.001,1.9535899999999997
80,60,0.9,0.001,1.97177
30,60,0.5,0.005,1.8355900000000003
35,60,0.5,0.005,1.8241700000000003
40,60,0.5,0.005,1.8628200000000001
45,60,0.5,0.005,1.8674499999999998
50,60,0.5,0.005,1.8951399999999996
55,60,0.5,0.005,1.91764
60,60,0.5,0.005,1.9241600000000003
65,60,0.5,0.005,1.9188100000000006
70,60,0.5,0.005,1.9379399999999998
75,60,0.5,0.005,1.93925
80,60,0.5,0.005,1.9466900000000007
30,60,0.55,0.005,1.8234599999999999
35,60,0.55,0.005,1.8167800000000003
40,60,0.55,0.005,1.86784
45,60,0.55,0.005,1.8793
50,60,0.55,0.005,1.89376
55,60,0.55,0.005,1.9066999999999996
60,60,0.55,0.005,1.93273
65,60,0.55,0.005,1.93985
70,60,0.55,0.005,1.9463899999999992
75,60,0.55,0.005,1.9461300000000004
80,60,0.55,0.005,1.9560499999999998
30,60,0.6,0.005,1.8187899999999997
35,60,0.6,0.005,1.843920000000001
40,60,0.6,0.005,1.8793700000000002
45,60,0.6,0.005,1.8608300000000007
50,60,0.6,0.005,1.9087999999999996
55,60,0.6,0.005,1.9155600000000002
60,60,0.6,0.005,1.94049
65,60,0.6,0.005,1.9088999999999998
70,60,0.6,0.005,1.9459500000000003
75,60,0.6,0.005,1.9498299999999995
80,60,0.6,0.005,1.9621800000000005
30,60,0.65,0.005,1.8362900000000002
35,60,0.65,0.005,1.8393499999999994
40,60,0.65,0.005,1.8737999999999995
45,60,0.65,0.005,1.9071500000000003
50,60,0.65,0.005,1.91571
55,60,0.65,0.005,1.92655
60,60,0.65,0.005,1.9301799999999993
65,60,0.65,0.005,1.94677
70,60,0.65,0.005,1.96618
75,60,0.65,0.005,1.95877
80,60,0.65,0.005,1.9613000000000003
30,60,0.7,0.005,1.8455299999999997
35,60,0.7,0.005,1.8676399999999989
40,60,0.7,0.005,1.8814699999999995
45,60,0.7,0.005,1.8868899999999997
50,60,0.7,0.005,1.9243700000000001
55,60,0.7,0.005,1.93444
60,60,0.7,0.005,1.94017
65,60,0.7,0.005,1.9438
70,60,0.7,0.005,1.96318
75,60,0.7,0.005,1.9516000000000002
80,60,0.7,0.005,1.9526099999999997
30,60,0.75,0.005,1.80689
35,60,0.75,0.005,1.8496899999999994
40,60,0.75,0.005,1.8670999999999998
45,60,0.75,0.005,1.9168599999999998
50,60,0.75,0.005,1.9575400000000003
55,60,0.75,0.005,1.9430199999999993
60,60,0.75,0.005,1.9429899999999996
65,60,0.75,0.005,1.9528999999999994
70,60,0.75,0.005,1.95941
75,60,0.75,0.005,1.97671
80,60,0.75,0.005,1.97351
30,60,0.8,0.005,1.82477
35,60,0.8,0.005,1.84102
40,60,0.8,0.005,1.9112100000000003
45,60,0.8,0.005,1.9061000000000001
50,60,0.8,0.005,1.91911
55,60,0.8,0.005,1.9284000000000003
60,60,0.8,0.005,1.9417200000000003
65,60,0.8,0.005,1.9493899999999997
70,60,0.8,0.005,1.94733
75,60,0.8,0.005,1.9668199999999996
80,60,0.8,0.005,1.9813600000000002
30,60,0.85,0.005,1.8201500000000004
35,60,0.85,0.005,1.8651499999999999
40,60,0.85,0.005,1.90948
45,60,0.85,0.005,1.90974
50,60,0.85,0.005,1.9340799999999998
55,60,0.85,0.005,1.9260199999999998
60,60,0.85,0.005,1.9416299999999995
65,60,0.85,0.005,1.9680899999999997
70,60,0.85,0.005,1.96009
75,60,0.85,0.005,1.9724399999999997
80,60,0.85,0.005,1.96723
30,60,0.9,0.005,1.8302899999999998
35,60,0.9,0.005,1.8835799999999998
40,60,0.9,0.005,1.9264999999999999
45,60,0.9,0.005,1.9134799999999998
50,60,0.9,0.005,1.9338699999999998
55,60,0.9,0.005,1.95298
60,60,0.9,0.005,1.93857
65,60,0.9,0.005,1.95991
70,60,0.9,0.005,1.96243
75,60,0.9,0.005,1.9672199999999997
80,60,0.9,0.005,1.97851
30,60,0.5,0.01,1.8740299999999999
35,60,0.5,0.01,1.9032999999999995
40,60,0.5,0.01,1.9130499999999995
45,60,0.5,0.01,1.9023399999999997
50,60,0.5,0.01,1.9244399999999997
55,60,0.5,0.01,1.9393300000000002
60,60,0.5,0.01,1.9714499999999995
65,60,0.5,0.01,1.9616699999999998
70,60,0.5,0.01,1.9630599999999998
75,60,0.5,0.01,1.97283
80,60,0.5,0.01,1.97157
30,60,0.55,0.01,1.8554100000000004
35,60,0.55,0.01,1.8733100000000005
40,60,0.55,0.01,1.9201599999999996
45,60,0.55,0.01,1.91308
50,60,0.55,0.01,1.93299
55,60,0.55,0.01,1.9278599999999997
60,60,0.55,0.01,1.9588699999999994
65,60,0.55,0.01,1.9664799999999998
70,60,0.55,0.01,1.9788400000000002
75,60,0.55,0.01,1.9799799999999996
80,60,0.55,0.01,1.9748999999999999
30,60,0.6,0.01,1.8769499999999995
35,60,0.6,0.01,1.9035299999999997
40,60,0.6,0.01,1.9154600000000002
45,60,0.6,0.01,1.9136699999999995
50,60,0.6,0.01,1.9457900000000001
55,60,0.6,0.01,1.9617499999999994
60,60,0.6,0.01,1.9668299999999999
65,60,0.6,0.01,1.9712499999999997
70,60,0.6,0.01,1.9753099999999997
75,60,0.6,0.01,1.97887
80,60,0.6,0.01,1.9755699999999996
30,60,0.65,0.01,1.8844599999999998
35,60,0.65,0.01,1.89119
40,60,0.65,0.01,1.9047599999999993
45,60,0.65,0.01,1.9539
50,60,0.65,0.01,1.9376899999999997
55,60,0.65,0.01,1.9509099999999995
60,60,0.65,0.01,1.9641899999999999
65,60,0.65,0.01,1.9620999999999997
70,60,0.65,0.01,1.9771299999999996
75,60,0.65,0.01,1.9618200000000001
80,60,0.65,0.01,1.98597
30,60,0.7,0.01,1.8938899999999999
35,60,0.7,0.01,1.8718400000000002
40,60,0.7,0.01,1.9336700000000002
45,60,0.7,0.01,1.93023
50,60,0.7,0.01,1.9481899999999999
55,60,0.7,0.01,1.96004
60,60,0.7,0.01,1.9588699999999994
65,60,0.7,0.01,1.96515
70,60,0.7,0.01,1.9711300000000003
75,60,0.7,0.01,1.97521
80,60,0.7,0.01,1.97796
30,60,0.75,0.01,1.8745500000000004
35,60,0.75,0.01,1.90569
40,60,0.75,0.01,1.93635
45,60,0.75,0.01,1.9213000000000002
50,60,0.75,0.01,1.9347599999999994
55,60,0.75,0.01,1.96121
60,60,0.75,0.01,1.9677700000000002
65,60,0.75,0.01,1.9638200000000001
70,60,0.75,0.01,1.9747700000000001
75,60,0.75,0.01,1.9747400000000002
80,60,0.75,0.01,1.9776500000000001
30,60,0.8,0.01,1.8631299999999995
35,60,0.8,0.01,1.8995099999999996
40,60,0.8,0.01,1.94152
45,60,0.8,0.01,1.9441899999999996
50,60,0.8,0.01,1.9598999999999995
55,60,0.8,0.01,1.9629899999999996
60,60,0.8,0.01,1.98164
65,60,0.8,0.01,1.97449
70,60,0.8,0.01,1.9830599999999998
75,60,0.8,0.01,1.9845999999999997
80,60,0.8,0.01,1.9819199999999997
30,60,0.85,0.01,1.89046
35,60,0.85,0.01,1.9286999999999999
40,60,0.85,0.01,1.9317199999999997
45,60,0.85,0.01,1.9453100000000003
50,60,0.85,0.01,1.9354500000000001
55,60,0.85,0.01,1.97152
60,60,0.85,0.01,1.9615799999999997
65,60,0.85,0.01,1.9735
70,60,0.85,0.01,1.97363
75,60,0.85,0.01,1.9925
80,60,0.85,0.01,1.9869600000000003
30,60,0.9,0.01,1.8836000000000004
35,60,0.9,0.01,1.8926500000000004
40,60,0.9,0.01,1.93637
45,60,0.9,0.01,1.96294
50,60,0.9,0.01,1.93575
55,60,0.9,0.01,1.9727000000000001
60,60,0.9,0.01,1.9716299999999998
65,60,0.9,0.01,1.9804599999999997
70,60,0.9,0.01,1.9775599999999998
75,60,0.9,0.01,1.99213
80,60,0.9,0.01,1.9939299999999998
30,70,0.5,0.0001,1.7300700000000004
35,70,0.5,0.0001,1.7445200000000003
40,70,0.5,0.0001,1.7787000000000004
45,70,0.5,0.0001,1.8147700000000002
50,70,0.5,0.0001,1.83861
55,70,0.5,0.0001,1.8506600000000004
60,70,0.5,0.0001,1.8648200000000006
65,70,0.5,0.0001,1.8887900000000004
70,70,0.5,0.0001,1.8982500000000002
75,70,0.5,0.0001,1.89683
80,70,0.5,0.0001,1.9147999999999996
30,70,0.55,0.0001,1.7406900000000005
35,70,0.55,0.0001,1.7157200000000004
40,70,0.55,0.0001,1.8121900000000002
45,70,0.55,0.0001,1.81382
50,70,0.55,0.0001,1.8483
55,70,0.55,0.0001,1.8605499999999997
60,70,0.55,0.0001,1.87445
65,70,0.55,0.0001,1.8788200000000006
70,70,0.55,0.0001,1.8871200000000008
75,70,0.55,0.0001,1.9129899999999997
80,70,0.55,0.0001,1.9113500000000005
30,70,0.6,0.0001,1.7123000000000013
35,70,0.6,0.0001,1.775400000000001
40,70,0.6,0.0001,1.83234
45,70,0.6,0.0001,1.82168
50,70,0.6,0.0001,1.87221
55,70,0.6,0.0001,1.8683399999999994
60,70,0.6,0.0001,1.8841600000000005
65,70,0.6,0.0001,1.9030699999999996
70,70,0.6,0.0001,1.9108800000000006
75,70,0.6,0.0001,1.9201000000000008
80,70,0.6,0.0001,1.9398900000000001
30,70,0.65,0.0001,1.73952
35,70,0.65,0.0001,1.7962900000000004
40,70,0.65,0.0001,1.8236700000000008
45,70,0.65,0.0001,1.8445000000000003
50,70,0.65,0.0001,1.8722100000000004
55,70,0.65,0.0001,1.877610000000001
60,70,0.65,0.0001,1.89075
65,70,0.65,0.0001,1.9191900000000002
70,70,0.65,0.0001,1.9348599999999998
75,70,0.65,0.0001,1.9317600000000001
80,70,0.65,0.0001,1.9278800000000005
30,70,0.7,0.0001,1.7784900000000001
35,70,0.7,0.0001,1.7659499999999986
40,70,0.7,0.0001,1.84203
45,70,0.7,0.0001,1.8283500000000001
50,70,0.7,0.0001,1.8850599999999995
55,70,0.7,0.0001,1.8945700000000003
60,70,0.7,0.0001,1.9108400000000003
65,70,0.7,0.0001,1.9301100000000002
70,70,0.7,0.0001,1.9295599999999995
75,70,0.7,0.0001,1.9189700000000005
80,70,0.7,0.0001,1.9487599999999998
30,70,0.75,0.0001,1.7393100000000004
35,70,0.75,0.0001,1.8057099999999995
40,70,0.75,0.0001,1.8422999999999998
45,70,0.75,0.0001,1.8430000000000002
50,70,0.75,0.0001,1.82896
55,70,0.75,0.0001,1.9088900000000006
60,70,0.75,0.0001,1.8939799999999998
65,70,0.75,0.0001,1.9199100000000002
70,70,0.75,0.0001,1.9228199999999995
75,70,0.75,0.0001,1.93621
80,70,0.75,0.0001,1.9331500000000004
30,70,0.8,0.0001,1.8018699999999999
35,70,0.8,0.0001,1.7400499999999999
40,70,0.8,0.0001,1.8164500000000003
45,70,0.8,0.0001,1.85391
50,70,0.8,0.0001,1.8462500000000008
55,70,0.8,0.0001,1.8917300000000006
60,70,0.8,0.0001,1.9067599999999998
65,70,0.8,0.0001,1.9209200000000002
70,70,0.8,0.0001,1.9439199999999999
75,70,0.8,0.0001,1.9329700000000005
80,70,0.8,0.0001,1.9336699999999996
30,70,0.85,0.0001,1.7896900000000002
35,70,0.85,0.0001,1.8422100000000008
40,70,0.85,0.0001,1.8282399999999996
45,70,0.85,0.0001,1.8533300000000006
50,70,0.85,0.0001,1.8642700000000003
55,70,0.85,0.0001,1.8907500000000004
60,70,0.85,0.0001,1.8982600000000007
65,70,0.85,0.0001,1.9223000000000006
70,70,0.85,0.0001,1.9428700000000003
75,70,0.85,0.0001,1.9553400000000003
80,70,0.85,0.0001,1.9342599999999996
30,70,0.9,0.0001,1.7556300000000002
35,70,0.9,0.0001,1.8370699999999998
40,70,0.9,0.0001,1.8456900000000007
45,70,0.9,0.0001,1.8602300000000003
50,70,0.9,0.0001,1.8966499999999997
55,70,0.9,0.0001,1.8942399999999997
60,70,0.9,0.0001,1.91555
65,70,0.9,0.0001,1.9169500000000002
70,70,0.9,0.0001,1.9385400000000002
75,70,0.9,0.0001,1.9446299999999996
80,70,0.9,0.0001,1.9593499999999995
30,70,0.5,0.0005,1.7308600000000007
35,70,0.5,0.0005,1.7804100000000003
40,70,0.5,0.0005,1.8063299999999998
45,70,0.5,0.0005,1.8005800000000003
50,70,0.5,0.0005,1.87254
55,70,0.5,0.0005,1.8726800000000006
60,70,0.5,0.0005,1.8912500000000003
65,70,0.5,0.0005,1.8807999999999998
70,70,0.5,0.0005,1.9054200000000001
75,70,0.5,0.0005,1.9325800000000002
80,70,0.5,0.0005,1.9236200000000003
30,70,0.55,0.0005,1.746680000000001
35,70,0.55,0.0005,1.7811399999999997
40,70,0.55,0.0005,1.8327400000000005
45,70,0.55,0.0005,1.85109
50,70,0.55,0.0005,1.8871599999999995
55,70,0.55,0.0005,1.8545899999999995
60,70,0.55,0.0005,1.8859500000000005
65,70,0.55,0.0005,1.8947899999999998
70,70,0.55,0.0005,1.90964
75,70,0.55,0.0005,1.91667
80,70,0.55,0.0005,1.9338499999999996
30,70,0.6,0.0005,1.7503000000000006
35,70,0.6,0.0005,1.7826400000000004
40,70,0.6,0.0005,1.80793
45,70,0.6,0.0005,1.8011600000000003
50,70,0.6,0.0005,1.86514
55,70,0.6,0.0005,1.87845
60,70,0.6,0.0005,1.8974600000000004
65,70,0.6,0.0005,1.9029500000000001
70,70,0.6,0.0005,1.8987399999999999
75,70,0.6,0.0005,1.9203400000000008
80,70,0.6,0.0005,1.9178600000000008
30,70,0.65,0.0005,1.78587
35,70,0.65,0.0005,1.7932499999999996
40,70,0.65,0.0005,1.8008799999999996
45,70,0.65,0.0005,1.86484
50,70,0.65,0.0005,1.8642200000000004
55,70,0.65,0.0005,1.8736299999999995
60,70,0.65,0.0005,1.9076800000000003
65,70,0.65,0.0005,1.9185400000000004
70,70,0.65,0.0005,1.9114499999999992
75,70,0.65,0.0005,1.9171099999999999
80,70,0.65,0.0005,1.9392000000000003
30,70,0.7,0.0005,1.7936600000000005
35,70,0.7,0.0005,1.7648800000000007
40,70,0.7,0.0005,1.8336500000000004
45,70,0.7,0.0005,1.8744199999999998
50,70,0.7,0.0005,1.8613500000000005
55,70,0.7,0.0005,1.8846300000000007
60,70,0.7,0.0005,1.89989
65,70,0.7,0.0005,1.91066
70,70,0.7,0.0005,1.9362499999999998
75,70,0.7,0.0005,1.9157499999999998
80,70,0.7,0.0005,1.94246
30,70,0.75,0.0005,1.7750400000000004
35,70,0.75,0.0005,1.8128900000000001
40,70,0.75,0.0005,1.8446500000000003
45,70,0.75,0.0005,1.86303
50,70,0.75,0.0005,1.8730200000000001
55,70,0.75,0.0005,1.9029999999999996
60,70,0.75,0.0005,1.8880799999999993
65,70,0.75,0.0005,1.92002
70,70,0.75,0.0005,1.9082700000000006
75,70,0.75,0.0005,1.93564
80,70,0.75,0.0005,1.9414800000000003
30,70,0.8,0.0005,1.8161700000000005
35,70,0.8,0.0005,1.808030000000001
40,70,0.8,0.0005,1.8312300000000001
45,70,0.8,0.0005,1.8846499999999997
50,70,0.8,0.0005,1.8993099999999998
55,70,0.8,0.0005,1.8906500000000002
60,70,0.8,0.0005,1.9185799999999997
65,70,0.8,0.0005,1.9217000000000002
70,70,0.8,0.0005,1.9336899999999995
75,70,0.8,0.0005,1.9273299999999998
80,70,0.8,0.0005,1.9415200000000004
30,70,0.85,0.0005,1.7889700000000004
35,70,0.85,0.0005,1.8315799999999995
40,70,0.85,0.0005,1.8226800000000003
45,70,0.85,0.0005,1.8725399999999996
50,70,0.85,0.0005,1.8914999999999995
55,70,0.85,0.0005,1.9192800000000003
60,70,0.85,0.0005,1.9145699999999997
65,70,0.85,0.0005,1.9366699999999994
70,70,0.85,0.0005,1.9317900000000001
75,70,0.85,0.0005,1.9431700000000003
80,70,0.85,0.0005,1.9616
30,70,0.9,0.0005,1.7860099999999997
35,70,0.9,0.0005,1.8329200000000005
40,70,0.9,0.0005,1.87859
45,70,0.9,0.0005,1.8867999999999996
50,70,0.9,0.0005,1.90989
55,70,0.9,0.0005,1.8914399999999996
60,70,0.9,0.0005,1.9269299999999998
65,70,0.9,0.0005,1.9363799999999998
70,70,0.9,0.0005,1.93225
75,70,0.9,0.0005,1.9335000000000002
80,70,0.9,0.0005,1.9590200000000004
30,70,0.5,0.001,1.7260900000000001
35,70,0.5,0.001,1.7821699999999996
40,70,0.5,0.001,1.8480700000000005
45,70,0.5,0.001,1.8274900000000007
50,70,0.5,0.001,1.8555699999999995
55,70,0.5,0.001,1.8858200000000005
60,70,0.5,0.001,1.87564
65,70,0.5,0.001,1.90572
70,70,0.5,0.001,1.9092000000000002
75,70,0.5,0.001,1.9189
80,70,0.5,0.001,1.9286100000000002
30,70,0.55,0.001,1.741080000000001
35,70,0.55,0.001,1.80022
40,70,0.55,0.001,1.82499
45,70,0.55,0.001,1.86452
50,70,0.55,0.001,1.8496700000000001
55,70,0.55,0.001,1.86488
60,70,0.55,0.001,1.8989699999999998
65,70,0.55,0.001,1.9134099999999996
70,70,0.55,0.001,1.89985
75,70,0.55,0.001,1.91838
80,70,0.55,0.001,1.9537799999999996
30,70,0.6,0.001,1.7433200000000002
35,70,0.6,0.001,1.7973000000000008
40,70,0.6,0.001,1.8311000000000004
45,70,0.6,0.001,1.815400000000001
50,70,0.6,0.001,1.8746400000000014
55,70,0.6,0.001,1.8827800000000006
60,70,0.6,0.001,1.8902300000000003
65,70,0.6,0.001,1.9141899999999998
70,70,0.6,0.001,1.9377599999999995
75,70,0.6,0.001,1.9332000000000003
80,70,0.6,0.001,1.94122
30,70,0.65,0.001,1.73299
35,70,0.65,0.001,1.8251099999999993
40,70,0.65,0.001,1.8214499999999998
45,70,0.65,0.001,1.8367400000000007
50,70,0.65,0.001,1.88821
55,70,0.65,0.001,1.9044599999999996
60,70,0.65,0.001,1.9123399999999997
65,70,0.65,0.001,1.9102400000000004
70,70,0.65,0.001,1.9205599999999992
75,70,0.65,0.001,1.9244899999999996
80,70,0.65,0.001,1.9409599999999998
30,70,0.7,0.001,1.75874
35,70,0.7,0.001,1.7970099999999996
40,70,0.7,0.001,1.8593000000000004
45,70,0.7,0.001,1.8737399999999997
50,70,0.7,0.001,1.8947900000000002
55,70,0.7,0.001,1.9095599999999997
60,70,0.7,0.001,1.9038500000000007
65,70,0.7,0.001,1.9341400000000002
70,70,0.7,0.001,1.9195200000000003
75,70,0.7,0.001,1.92131
80,70,0.7,0.001,1.94496
30,70,0.75,0.001,1.8073400000000008
35,70,0.75,0.001,1.8132599999999999
40,70,0.75,0.001,1.8400900000000004
45,70,0.75,0.001,1.8592900000000003
50,70,0.75,0.001,1.89883
55,70,0.75,0.001,1.8999099999999998
60,70,0.75,0.001,1.9027500000000002
65,70,0.75,0.001,1.93039
70,70,0.75,0.001,1.9273399999999998
75,70,0.75,0.001,1.9429600000000002
80,70,0.75,0.001,1.9677399999999998
30,70,0.8,0.001,1.787100000000001
35,70,0.8,0.001,1.848139999999999
40,70,0.8,0.001,1.8332200000000003
45,70,0.8,0.001,1.8924800000000004
50,70,0.8,0.001,1.89451
55,70,0.8,0.001,1.9153599999999997
60,70,0.8,0.001,1.9108799999999997
65,70,0.8,0.001,1.94552
70,70,0.8,0.001,1.9489
75,70,0.8,0.001,1.9338500000000005
80,70,0.8,0.001,1.95047
30,70,0.85,0.001,1.8049600000000006
35,70,0.85,0.001,1.8376600000000005
40,70,0.85,0.001,1.8468499999999997
45,70,0.85,0.001,1.8770799999999996
50,70,0.85,0.001,1.8642800000000002
55,70,0.85,0.001,1.9191199999999997
60,70,0.85,0.001,1.9264399999999997
65,70,0.85,0.001,1.9315899999999997
70,70,0.85,0.001,1.94422
75,70,0.85,0.001,1.95616
80,70,0.85,0.001,1.9446000000000006
30,70,0.9,0.001,1.799130000000001
35,70,0.9,0.001,1.8345699999999994
40,70,0.9,0.001,1.8429900000000001
45,70,0.9,0.001,1.8679599999999998
50,70,0.9,0.001,1.9039000000000001
55,70,0.9,0.001,1.9371399999999996
60,70,0.9,0.001,1.9231
65,70,0.9,0.001,1.93701
70,70,0.9,0.001,1.9359200000000003
75,70,0.9,0.001,1.9600999999999997
80,70,0.9,0.001,1.9739499999999999
30,70,0.5,0.005,1.7929000000000002
35,70,0.5,0.005,1.8274600000000003
40,70,0.5,0.005,1.8716699999999997
45,70,0.5,0.005,1.84306
50,70,0.5,0.005,1.9116799999999998
55,70,0.5,0.005,1.92334
60,70,0.5,0.005,1.9201
65,70,0.5,0.005,1.9297799999999996
70,70,0.5,0.005,1.9571799999999997
75,70,0.5,0.005,1.9491199999999995
80,70,0.5,0.005,1.9536199999999997
30,70,0.55,0.005,1.7898200000000006
35,70,0.55,0.005,1.8518000000000001
40,70,0.55,0.005,1.8794500000000003
45,70,0.55,0.005,1.8765399999999997
50,70,0.55,0.005,1.9236199999999988
55,70,0.55,0.005,1.9310499999999997
60,70,0.55,0.005,1.92745
65,70,0.55,0.005,1.9195399999999996
70,70,0.55,0.005,1.9493699999999998
75,70,0.55,0.005,1.93758
80,70,0.55,0.005,1.9637100000000007
30,70,0.6,0.005,1.82683
35,70,0.6,0.005,1.8651199999999997
40,70,0.6,0.005,1.8542500000000002
45,70,0.6,0.005,1.9038399999999998
50,70,0.6,0.005,1.9081499999999998
55,70,0.6,0.005,1.93232
60,70,0.6,0.005,1.9398700000000004
65,70,0.6,0.005,1.94227
70,70,0.6,0.005,1.9488599999999996
75,70,0.6,0.005,1.93166
80,70,0.6,0.005,1.95369
30,70,0.65,0.005,1.8392200000000003
35,70,0.65,0.005,1.88009
40,70,0.65,0.005,1.86513
45,70,0.65,0.005,1.90297
50,70,0.65,0.005,1.9202199999999996
55,70,0.65,0.005,1.9185599999999994
60,70,0.65,0.005,1.93981
65,70,0.65,0.005,1.9516799999999992
70,70,0.65,0.005,1.9611100000000001
75,70,0.65,0.005,1.94981
80,70,0.65,0.005,1.9747899999999998
30,70,0.7,0.005,1.8484900000000009
35,70,0.7,0.005,1.86125
40,70,0.7,0.005,1.90585
45,70,0.7,0.005,1.9123599999999998
50,70,0.7,0.005,1.9078900000000005
55,70,0.7,0.005,1.9385999999999999
60,70,0.7,0.005,1.9464999999999997
65,70,0.7,0.005,1.94988
70,70,0.7,0.005,1.9512700000000003
75,70,0.7,0.005,1.96844
80,70,0.7,0.005,1.9613899999999997
30,70,0.75,0.005,1.8658599999999999
35,70,0.75,0.005,1.88128
40,70,0.75,0.005,1.8939999999999992
45,70,0.75,0.005,1.9019899999999998
50,70,0.75,0.005,1.9321099999999996
55,70,0.75,0.005,1.9401499999999998
60,70,0.75,0.005,1.9341299999999992
65,70,0.75,0.005,1.9539399999999998
70,70,0.75,0.005,1.9539199999999999
75,70,0.75,0.005,1.9634400000000003
80,70,0.75,0.005,1.9675799999999999
30,70,0.8,0.005,1.8106500000000005
35,70,0.8,0.005,1.8781799999999993
40,70,0.8,0.005,1.8868899999999997
45,70,0.8,0.005,1.9263700000000006
50,70,0.8,0.005,1.9233799999999999
55,70,0.8,0.005,1.92716
60,70,0.8,0.005,1.95357
65,70,0.8,0.005,1.9490299999999996
70,70,0.8,0.005,1.9503600000000003
75,70,0.8,0.005,1.9627799999999995
80,70,0.8,0.005,1.9677100000000005
30,70,0.85,0.005,1.8393900000000005
35,70,0.85,0.005,1.8774800000000005
40,70,0.85,0.005,1.89915
45,70,0.85,0.005,1.9216299999999997
50,70,0.85,0.005,1.9317500000000003
55,70,0.85,0.005,1.9479199999999997
60,70,0.85,0.005,1.9441899999999999
65,70,0.85,0.005,1.9675900000000002
70,70,0.85,0.005,1.9455799999999996
75,70,0.85,0.005,1.9677999999999998
80,70,0.85,0.005,1.9657
30,70,0.9,0.005,1.8594899999999999
35,70,0.9,0.005,1.86699
40,70,0.9,0.005,1.9258499999999996
45,70,0.9,0.005,1.9205100000000002
50,70,0.9,0.005,1.9351399999999999
55,70,0.9,0.005,1.9440100000000005
60,70,0.9,0.005,1.95144
65,70,0.9,0.005,1.9736599999999993
70,70,0.9,0.005,1.95772
75,70,0.9,0.005,1.976
80,70,0.9,0.005,1.98221
30,70,0.5,0.01,1.87023
35,70,0.5,0.01,1.8998999999999993
40,70,0.5,0.01,1.919
45,70,0.5,0.01,1.9100799999999996
50,70,0.5,0.01,1.9438300000000002
55,70,0.5,0.01,1.9459400000000002
60,70,0.5,0.01,1.9589799999999997
65,70,0.5,0.01,1.96515
70,70,0.5,0.01,1.96643
75,70,0.5,0.01,1.96544
80,70,0.5,0.01,1.9825799999999998
30,70,0.55,0.01,1.8710399999999998
35,70,0.55,0.01,1.9079299999999997
40,70,0.55,0.01,1.92056
45,70,0.55,0.01,1.9267600000000003
50,70,0.55,0.01,1.9351099999999994
55,70,0.55,0.01,1.95165
60,70,0.55,0.01,1.9674599999999998
65,70,0.55,0.01,1.95924
70,70,0.55,0.01,1.9720899999999997
75,70,0.55,0.01,1.9652700000000005
80,70,0.55,0.01,1.9760499999999999
30,70,0.6,0.01,1.87899
35,70,0.6,0.01,1.9105599999999994
40,70,0.6,0.01,1.9021800000000002
45,70,0.6,0.01,1.9410299999999996
50,70,0.6,0.01,1.9430699999999994
55,70,0.6,0.01,1.9609299999999996
60,70,0.6,0.01,1.9579999999999997
65,70,0.6,0.01,1.9806000000000004
70,70,0.6,0.01,1.97388
75,70,0.6,0.01,1.9776099999999996
80,70,0.6,0.01,1.9837499999999997
30,70,0.65,0.01,1.8967399999999994
35,70,0.65,0.01,1.8842599999999998
40,70,0.65,0.01,1.9353899999999995
45,70,0.65,0.01,1.9454199999999997
50,70,0.65,0.01,1.9502399999999998
55,70,0.65,0.01,1.93351
60,70,0.65,0.01,1.9694299999999996
65,70,0.65,0.01,1.97053
70,70,0.65,0.01,1.9788099999999997
75,70,0.65,0.01,1.9834500000000004
80,70,0.65,0.01,1.9919299999999998
30,70,0.7,0.01,1.8914
35,70,0.7,0.01,1.9014000000000002
40,70,0.7,0.01,1.93488
45,70,0.7,0.01,1.94705
50,70,0.7,0.01,1.93227
55,70,0.7,0.01,1.9709299999999998
60,70,0.7,0.01,1.9620499999999998
65,70,0.7,0.01,1.9663699999999997
70,70,0.7,0.01,1.9755599999999998
75,70,0.7,0.01,1.9800099999999994
80,70,0.7,0.01,1.9839800000000003
30,70,0.75,0.01,1.89872
35,70,0.75,0.01,1.9152799999999999
40,70,0.75,0.01,1.9343399999999997
45,70,0.75,0.01,1.9338899999999999
50,70,0.75,0.01,1.9530199999999995
55,70,0.75,0.01,1.96247
60,70,0.75,0.01,1.9663399999999998
65,70,0.75,0.01,1.96889
70,70,0.75,0.01,1.9848699999999997
75,70,0.75,0.01,1.98148
80,70,0.75,0.01,1.98356
30,70,0.8,0.01,1.8757699999999997
35,70,0.8,0.01,1.9313200000000004
40,70,0.8,0.01,1.926779999999999
45,70,0.8,0.01,1.93937
50,70,0.8,0.01,1.9623000000000002
55,70,0.8,0.01,1.95516
60,70,0.8,0.01,1.9712299999999998
65,70,0.8,0.01,1.98599
70,70,0.8,0.01,1.9771599999999998
75,70,0.8,0.01,1.97899
80,70,0.8,0.01,1.99212
30,70,0.85,0.01,1.90269
35,70,0.85,0.01,1.9345399999999997
40,70,0.85,0.01,1.9347899999999998
45,70,0.85,0.01,1.96356
50,70,0.85,0.01,1.9519099999999998
55,70,0.85,0.01,1.9625699999999997
60,70,0.85,0.01,1.97145
65,70,0.85,0.01,1.9847599999999996
70,70,0.85,0.01,1.98325
75,70,0.85,0.01,1.9885599999999999
80,70,0.85,0.01,1.9922199999999999
30,70,0.9,0.01,1.9071599999999993
35,70,0.9,0.01,1.8957900000000003
40,70,0.9,0.01,1.92273
45,70,0.9,0.01,1.9605299999999994
50,70,0.9,0.01,1.96512
55,70,0.9,0.01,1.9752800000000001
60,70,0.9,0.01,1.9720199999999999
65,70,0.9,0.01,1.9842200000000003
70,70,0.9,0.01,1.9837099999999994
75,70,0.9,0.01,1.9807699999999997
80,70,0.9,0.01,1.98919
30,80,0.5,0.0001,1.7240900000000006
35,80,0.5,0.0001,1.74961
40,80,0.5,0.0001,1.7963299999999998
45,80,0.5,0.0001,1.8120900000000004
50,80,0.5,0.0001,1.8462400000000005
55,80,0.5,0.0001,1.848149999999999
60,80,0.5,0.0001,1.8481300000000007
65,80,0.5,0.0001,1.8957799999999994
70,80,0.5,0.0001,1.9055699999999995
75,80,0.5,0.0001,1.9054600000000006
80,80,0.5,0.0001,1.9222100000000004
30,80,0.55,0.0001,1.7188199999999998
35,80,0.55,0.0001,1.7442700000000009
40,80,0.55,0.0001,1.8143499999999997
45,80,0.55,0.0001,1.8251200000000003
50,80,0.55,0.0001,1.8530799999999998
55,80,0.55,0.0001,1.8423100000000003
60,80,0.55,0.0001,1.8682600000000005
65,80,0.55,0.0001,1.8828199999999997
70,80,0.55,0.0001,1.8911700000000002
75,80,0.55,0.0001,1.9197499999999998
80,80,0.55,0.0001,1.9312200000000002
30,80,0.6,0.0001,1.7639100000000008
35,80,0.6,0.0001,1.728990000000001
40,80,0.6,0.0001,1.8158499999999997
45,80,0.6,0.0001,1.8504499999999993
50,80,0.6,0.0001,1.8600900000000002
55,80,0.6,0.0001,1.8827500000000006
60,80,0.6,0.0001,1.8835000000000006
65,80,0.6,0.0001,1.8878199999999998
70,80,0.6,0.0001,1.93167
75,80,0.6,0.0001,1.92043
80,80,0.6,0.0001,1.912719999999999
30,80,0.65,0.0001,1.7766999999999995
35,80,0.65,0.0001,1.7892300000000008
40,80,0.65,0.0001,1.81547
45,80,0.65,0.0001,1.8471700000000002
50,80,0.65,0.0001,1.85566
55,80,0.65,0.0001,1.8788999999999996
60,80,0.65,0.0001,1.8975500000000003
65,80,0.65,0.0001,1.9078100000000004
70,80,0.65,0.0001,1.9111500000000003
75,80,0.65,0.0001,1.91929
80,80,0.65,0.0001,1.9364899999999998
30,80,0.7,0.0001,1.7865400000000002
35,80,0.7,0.0001,1.8187100000000003
40,80,0.7,0.0001,1.83147
45,80,0.7,0.0001,1.8244300000000007
50,80,0.7,0.0001,1.88171
55,80,0.7,0.0001,1.8856899999999988
60,80,0.7,0.0001,1.8947199999999995
65,80,0.7,0.0001,1.9104300000000003
70,80,0.7,0.0001,1.9113900000000004
75,80,0.7,0.0001,1.9388199999999995
80,80,0.7,0.0001,1.9473600000000002
30,80,0.75,0.0001,1.7588400000000002
35,80,0.75,0.0001,1.7900999999999998
40,80,0.75,0.0001,1.7987500000000003
45,80,0.75,0.0001,1.8455399999999995
50,80,0.75,0.0001,1.860970000000001
55,80,0.75,0.0001,1.8596399999999997
60,80,0.75,0.0001,1.9221400000000002
65,80,0.75,0.0001,1.9313000000000005
70,80,0.75,0.0001,1.9466700000000001
75,80,0.75,0.0001,1.9306100000000006
80,80,0.75,0.0001,1.9404
30,80,0.8,0.0001,1.7314200000000006
35,80,0.8,0.0001,1.7925599999999997
40,80,0.8,0.0001,1.8445799999999999
45,80,0.8,0.0001,1.8679799999999998
50,80,0.8,0.0001,1.8607599999999993
55,80,0.8,0.0001,1.8812000000000006
60,80,0.8,0.0001,1.9134100000000003
65,80,0.8,0.0001,1.8999700000000004
70,80,0.8,0.0001,1.92265
75,80,0.8,0.0001,1.93816
80,80,0.8,0.0001,1.9391900000000002
30,80,0.85,0.0001,1.7504000000000008
35,80,0.85,0.0001,1.84707
40,80,0.85,0.0001,1.8468500000000005
45,80,0.85,0.0001,1.8692499999999999
50,80,0.85,0.0001,1.8981600000000003
55,80,0.85,0.0001,1.8846300000000005
60,80,0.85,0.0001,1.9248900000000004
65,80,0.85,0.0001,1.9251699999999996
70,80,0.85,0.0001,1.9443500000000002
75,80,0.85,0.0001,1.93491
80,80,0.85,0.0001,1.9390300000000005
30,80,0.9,0.0001,1.7726400000000004
35,80,0.9,0.0001,1.8086899999999995
40,80,0.9,0.0001,1.83398
45,80,0.9,0.0001,1.8991900000000002
50,80,0.9,0.0001,1.8759700000000004
55,80,0.9,0.0001,1.9084499999999993
60,80,0.9,0.0001,1.9263799999999998
65,80,0.9,0.0001,1.9399000000000002
70,80,0.9,0.0001,1.9465099999999995
75,80,0.9,0.0001,1.9385
80,80,0.9,0.0001,1.9385699999999997
30,80,0.5,0.0005,1.7337799999999999
35,80,0.5,0.0005,1.7640699999999998
40,80,0.5,0.0005,1.8125600000000004
45,80,0.5,0.0005,1.8366999999999991
50,80,0.5,0.0005,1.8566500000000001
55,80,0.5,0.0005,1.8878199999999998
60,80,0.5,0.0005,1.8921200000000005
65,80,0.5,0.0005,1.900259999999999
70,80,0.5,0.0005,1.9115399999999994
75,80,0.5,0.0005,1.9167699999999996
80,80,0.5,0.0005,1.9225299999999999
30,80,0.55,0.0005,1.7304899999999999
35,80,0.55,0.0005,1.759000000000001
40,80,0.55,0.0005,1.8060300000000007
45,80,0.55,0.0005,1.83318
50,80,0.55,0.0005,1.8449099999999996
55,80,0.55,0.0005,1.8815400000000004
60,80,0.55,0.0005,1.8908200000000002
65,80,0.55,0.0005,1.8944899999999998
70,80,0.55,0.0005,1.9182900000000007
75,80,0.55,0.0005,1.91405
80,80,0.55,0.0005,1.9432700000000003
30,80,0.6,0.0005,1.7626899999999994
35,80,0.6,0.0005,1.7920300000000011
40,80,0.6,0.0005,1.8237299999999996
45,80,0.6,0.0005,1.8269300000000002
50,80,0.6,0.0005,1.8457500000000011
55,80,0.6,0.0005,1.8715199999999999
60,80,0.6,0.0005,1.8655799999999991
65,80,0.6,0.0005,1.9067300000000005
70,80,0.6,0.0005,1.8990699999999998
75,80,0.6,0.0005,1.93176
80,80,0.6,0.0005,1.9304200000000002
30,80,0.65,0.0005,1.7535400000000012
35,80,0.65,0.0005,1.7767399999999993
40,80,0.65,0.0005,1.8215999999999999
45,80,0.65,0.0005,1.8525000000000005
50,80,0.65,0.0005,1.8725
55,80,0.65,0.0005,1.885319999999999
60,80,0.65,0.0005,1.88617
65,80,0.65,0.0005,1.9286399999999997
70,80,0.65,0.0005,1.9247600000000002
75,80,0.65,0.0005,1.9234599999999995
80,80,0.65,0.0005,1.93862
30,80,0.7,0.0005,1.7451500000000002
35,80,0.7,0.0005,1.7990999999999997
40,80,0.7,0.0005,1.829910000000001
45,80,0.7,0.0005,1.8789400000000007
50,80,0.7,0.0005,1.8418299999999999
55,80,0.7,0.0005,1.8997799999999998
60,80,0.7,0.0005,1.8928299999999998
65,80,0.7,0.0005,1.92207
70,80,0.7,0.0005,1.9312399999999998
75,80,0.7,0.0005,1.9243100000000002
80,80,0.7,0.0005,1.9544500000000002
30,80,0.75,0.0005,1.7503600000000004
35,80,0.75,0.0005,1.80181
40,80,0.75,0.0005,1.80729
45,80,0.75,0.0005,1.875450000000001
50,80,0.75,0.0005,1.8792599999999995
55,80,0.75,0.0005,1.9070300000000002
60,80,0.75,0.0005,1.8975899999999999
65,80,0.75,0.0005,1.9187800000000002
70,80,0.75,0.0005,1.94374
75,80,0.75,0.0005,1.9299700000000002
80,80,0.75,0.0005,1.9448600000000003
30,80,0.8,0.0005,1.7518299999999996
35,80,0.8,0.0005,1.7924699999999996
40,80,0.8,0.0005,1.84153
45,80,0.8,0.0005,1.89126
50,80,0.8,0.0005,1.8551499999999996
55,80,0.8,0.0005,1.92566
60,80,0.8,0.0005,1.9232799999999997
65,80,0.8,0.0005,1.91578
70,80,0.8,0.0005,1.9246100000000006
75,80,0.8,0.0005,1.9216200000000003
80,80,0.8,0.0005,1.9484900000000003
30,80,0.85,0.0005,1.80071
35,80,0.85,0.0005,1.8125699999999998
40,80,0.85,0.0005,1.8408800000000003
45,80,0.85,0.0005,1.8693300000000002
50,80,0.85,0.0005,1.86143
55,80,0.85,0.0005,1.9052700000000007
60,80,0.85,0.0005,1.9045599999999996
65,80,0.85,0.0005,1.9471399999999996
70,80,0.85,0.0005,1.92868
75,80,0.85,0.0005,1.94761
80,80,0.85,0.0005,1.9626600000000003
30,80,0.9,0.0005,1.8177600000000012
35,80,0.9,0.0005,1.8196200000000005
40,80,0.9,0.0005,1.85515
45,80,0.9,0.0005,1.8812399999999996
50,80,0.9,0.0005,1.9091699999999994
55,80,0.9,0.0005,1.9071100000000003
60,80,0.9,0.0005,1.9171699999999998
65,80,0.9,0.0005,1.9230299999999998
70,80,0.9,0.0005,1.94586
75,80,0.9,0.0005,1.9514000000000002
80,80,0.9,0.0005,1.9504600000000003
30,80,0.5,0.001,1.75727
35,80,0.5,0.001,1.7760000000000005
40,80,0.5,0.001,1.8388299999999997
45,80,0.5,0.001,1.8099599999999993
50,80,0.5,0.001,1.8992699999999996
55,80,0.5,0.001,1.8636400000000004
60,80,0.5,0.001,1.88049
65,80,0.5,0.001,1.90131
70,80,0.5,0.001,1.8878099999999998
75,80,0.5,0.001,1.9046099999999992
80,80,0.5,0.001,1.9148299999999998
30,80,0.55,0.001,1.7557200000000006
35,80,0.55,0.001,1.8152899999999996
40,80,0.55,0.001,1.8386400000000003
45,80,0.55,0.001,1.85743
50,80,0.55,0.001,1.88664
55,80,0.55,0.001,1.8547799999999999
60,80,0.55,0.001,1.8994099999999994
65,80,0.55,0.001,1.9181899999999998
70,80,0.55,0.001,1.9286299999999996
75,80,0.55,0.001,1.9311699999999994
80,80,0.55,0.001,1.9288699999999996
30,80,0.6,0.001,1.7842299999999998
35,80,0.6,0.001,1.7823500000000003
40,80,0.6,0.001,1.8195499999999998
45,80,0.6,0.001,1.86118
50,80,0.6,0.001,1.8892200000000003
55,80,0.6,0.001,1.8754499999999998
60,80,0.6,0.001,1.8798599999999999
65,80,0.6,0.001,1.9232
70,80,0.6,0.001,1.9228200000000002
75,80,0.6,0.001,1.9271200000000004
80,80,0.6,0.001,1.9364099999999995
30,80,0.65,0.001,1.7801000000000007
35,80,0.65,0.001,1.7864600000000008
40,80,0.65,0.001,1.81902
45,80,0.65,0.001,1.8758200000000003
50,80,0.65,0.001,1.8761199999999996
55,80,0.65,0.001,1.8949700000000005
60,80,0.65,0.001,1.8925999999999998
65,80,0.65,0.001,1.9070100000000005
70,80,0.65,0.001,1.9232099999999996
75,80,0.65,0.001,1.9519499999999999
80,80,0.65,0.001,1.9504
30,80,0.7,0.001,1.7968599999999997
35,80,0.7,0.001,1.8165799999999999
40,80,0.7,0.001,1.8108200000000003
45,80,0.7,0.001,1.87635
50,80,0.7,0.001,1.8883000000000003
55,80,0.7,0.001,1.9011200000000001
60,80,0.7,0.001,1.8743299999999998
65,80,0.7,0.001,1.91522
70,80,0.7,0.001,1.94065
75,80,0.7,0.001,1.93541
80,80,0.7,0.001,1.9651399999999999
30,80,0.75,0.001,1.795860000000001
35,80,0.75,0.001,1.8488000000000002
40,80,0.75,0.001,1.8335499999999998
45,80,0.75,0.001,1.85524
50,80,0.75,0.001,1.88395
55,80,0.75,0.001,1.9126799999999997
60,80,0.75,0.001,1.9179100000000002
65,80,0.75,0.001,1.93489
70,80,0.75,0.001,1.9266999999999999
75,80,0.75,0.001,1.9466299999999999
80,80,0.75,0.001,1.9339199999999999
30,80,0.8,0.001,1.800470000000001
35,80,0.8,0.001,1.8333199999999998
40,80,0.8,0.001,1.8271900000000003
45,80,0.8,0.001,1.8805500000000002
50,80,0.8,0.001,1.9131500000000006
55,80,0.8,0.001,1.9128300000000003
60,80,0.8,0.001,1.9202899999999996
65,80,0.8,0.001,1.9292000000000002
70,80,0.8,0.001,1.9542800000000002
75,80,0.8,0.001,1.9183
80,80,0.8,0.001,1.96063
30,80,0.85,0.001,1.78763
35,80,0.85,0.001,1.8206000000000007
40,80,0.85,0.001,1.85572
45,80,0.85,0.001,1.8861699999999997
50,80,0.85,0.001,1.8890200000000001
55,80,0.85,0.001,1.9260300000000004
60,80,0.85,0.001,1.9092200000000004
65,80,0.85,0.001,1.9541399999999995
70,80,0.85,0.001,1.9428199999999995
75,80,0.85,0.001,1.95348
80,80,0.85,0.001,1.9600499999999998
30,80,0.9,0.001,1.8130400000000009
35,80,0.9,0.001,1.8328700000000004
40,80,0.9,0.001,1.85345
45,80,0.9,0.001,1.8665
50,80,0.9,0.001,1.8982799999999997
55,80,0.9,0.001,1.9234899999999997
60,80,0.9,0.001,1.93948
65,80,0.9,0.001,1.9268299999999996
70,80,0.9,0.001,1.9561199999999999
75,80,0.9,0.001,1.9480600000000001
80,80,0.9,0.001,1.95625
30,80,0.5,0.005,1.8230399999999998
35,80,0.5,0.005,1.85093
40,80,0.5,0.005,1.8647300000000002
45,80,0.5,0.005,1.9098999999999995
50,80,0.5,0.005,1.9025100000000001
55,80,0.5,0.005,1.9113100000000003
60,80,0.5,0.005,1.9240400000000002
65,80,0.5,0.005,1.9529799999999995
70,80,0.5,0.005,1.9354100000000003
75,80,0.5,0.005,1.95528
80,80,0.5,0.005,1.9636700000000002
30,80,0.55,0.005,1.7976999999999996
35,80,0.55,0.005,1.8534800000000002
40,80,0.55,0.005,1.8632000000000002
45,80,0.55,0.005,1.8906399999999997
50,80,0.55,0.005,1.8917999999999997
55,80,0.55,0.005,1.9231899999999993
60,80,0.55,0.005,1.9200899999999999
65,80,0.55,0.005,1.9249999999999998
70,80,0.55,0.005,1.9544799999999998
75,80,0.55,0.005,1.96904
80,80,0.55,0.005,1.9541699999999997
30,80,0.6,0.005,1.8127900000000006
35,80,0.6,0.005,1.8514300000000004
40,80,0.6,0.005,1.8854299999999995
45,80,0.6,0.005,1.8985699999999996
50,80,0.6,0.005,1.9437599999999997
55,80,0.6,0.005,1.9339400000000004
60,80,0.6,0.005,1.9270799999999995
65,80,0.6,0.005,1.95252
70,80,0.6,0.005,1.9586000000000001
75,80,0.6,0.005,1.9747199999999996
80,80,0.6,0.005,1.9666500000000005
30,80,0.65,0.005,1.80716
35,80,0.65,0.005,1.8558
40,80,0.65,0.005,1.8775200000000003
45,80,0.65,0.005,1.92798
50,80,0.65,0.005,1.9214100000000003
55,80,0.65,0.005,1.9342599999999999
60,80,0.65,0.005,1.9367
65,80,0.65,0.005,1.9624699999999993
70,80,0.65,0.005,1.9561600000000003
75,80,0.65,0.005,1.9682899999999999
80,80,0.65,0.005,1.9624199999999998
30,80,0.7,0.005,1.82279
35,80,0.7,0.005,1.8870999999999993
40,80,0.7,0.005,1.90325
45,80,0.7,0.005,1.9163699999999997
50,80,0.7,0.005,1.9286500000000002
55,80,0.7,0.005,1.9232600000000002
60,80,0.7,0.005,1.9538099999999998
65,80,0.7,0.005,1.9386200000000002
70,80,0.7,0.005,1.9525800000000006
75,80,0.7,0.005,1.9641
80,80,0.7,0.005,1.9602399999999998
30,80,0.75,0.005,1.8611699999999995
35,80,0.75,0.005,1.86317
40,80,0.75,0.005,1.8953700000000004
45,80,0.75,0.005,1.92403
50,80,0.75,0.005,1.9491699999999996
55,80,0.75,0.005,1.9455099999999999
60,80,0.75,0.005,1.9553499999999995
65,80,0.75,0.005,1.9487599999999992
70,80,0.75,0.005,1.9665199999999998
75,80,0.75,0.005,1.97498
80,80,0.75,0.005,1.9610100000000004
30,80,0.8,0.005,1.840289999999999
35,80,0.8,0.005,1.9012299999999995
40,80,0.8,0.005,1.8671299999999997
45,80,0.8,0.005,1.9282
50,80,0.8,0.005,1.92104
55,80,0.8,0.005,1.9275500000000003
60,80,0.8,0.005,1.9593199999999993
65,80,0.8,0.005,1.9578299999999995
70,80,0.8,0.005,1.9600199999999999
75,80,0.8,0.005,1.9637599999999995
80,80,0.8,0.005,1.9770599999999998
30,80,0.85,0.005,1.8229399999999998
35,80,0.85,0.005,1.8760800000000004
40,80,0.85,0.005,1.9085099999999997
45,80,0.85,0.005,1.9066999999999998
50,80,0.85,0.005,1.9376499999999999
55,80,0.85,0.005,1.9458400000000007
60,80,0.85,0.005,1.9383100000000002
65,80,0.85,0.005,1.9667400000000002
70,80,0.85,0.005,1.9773499999999995
75,80,0.85,0.005,1.9790599999999998
80,80,0.85,0.005,1.9807800000000002
30,80,0.9,0.005,1.85073
35,80,0.9,0.005,1.89981
40,80,0.9,0.005,1.9049999999999998
45,80,0.9,0.005,1.9372299999999998
50,80,0.9,0.005,1.9292100000000005
55,80,0.9,0.005,1.9351299999999996
60,80,0.9,0.005,1.9603899999999999
65,80,0.9,0.005,1.96199
70,80,0.9,0.005,1.9614199999999995
75,80,0.9,0.005,1.9856099999999999
80,80,0.9,0.005,1.97275
30,80,0.5,0.01,1.8931400000000003
35,80,0.5,0.01,1.885839999999999
40,80,0.5,0.01,1.9400499999999994
45,80,0.5,0.01,1.96042
50,80,0.5,0.01,1.9487800000000002
55,80,0.5,0.01,1.9561000000000002
60,80,0.5,0.01,1.9648300000000003
65,80,0.5,0.01,1.9676099999999996
70,80,0.5,0.01,1.9630099999999997
75,80,0.5,0.01,1.98572
80,80,0.5,0.01,1.9820999999999998
30,80,0.55,0.01,1.8633500000000003
35,80,0.55,0.01,1.89413
40,80,0.55,0.01,1.9309100000000001
45,80,0.55,0.01,1.9134899999999997
50,80,0.55,0.01,1.9557100000000003
55,80,0.55,0.01,1.9502199999999998
60,80,0.55,0.01,1.9787799999999998
65,80,0.55,0.01,1.97558
70,80,0.55,0.01,1.9766
75,80,0.55,0.01,1.97365
80,80,0.55,0.01,1.98256
30,80,0.6,0.01,1.88446
35,80,0.6,0.01,1.8980000000000006
40,80,0.6,0.01,1.9349399999999997
45,80,0.6,0.01,1.9635
50,80,0.6,0.01,1.9432299999999998
55,80,0.6,0.01,1.9716799999999999
60,80,0.6,0.01,1.9778400000000003
65,80,0.6,0.01,1.9654999999999996
70,80,0.6,0.01,1.9642
75,80,0.6,0.01,1.9822400000000002
80,80,0.6,0.01,1.9827700000000001
30,80,0.65,0.01,1.8766
35,80,0.65,0.01,1.9188399999999992
40,80,0.65,0.01,1.9366400000000001
45,80,0.65,0.01,1.95152
50,80,0.65,0.01,1.9591799999999997
55,80,0.65,0.01,1.97314
60,80,0.65,0.01,1.96081
65,80,0.65,0.01,1.9733500000000002
70,80,0.65,0.01,1.9792499999999997
75,80,0.65,0.01,1.98174
80,80,0.65,0.01,1.9801900000000001
30,80,0.7,0.01,1.8870699999999996
35,80,0.7,0.01,1.9339199999999999
40,80,0.7,0.01,1.9161700000000002
45,80,0.7,0.01,1.9566799999999998
50,80,0.7,0.01,1.9532299999999998
55,80,0.7,0.01,1.9515199999999995
60,80,0.7,0.01,1.9714399999999999
65,80,0.7,0.01,1.9685
70,80,0.7,0.01,1.98708
75,80,0.7,0.01,1.9850600000000003
80,80,0.7,0.01,1.9918099999999999
30,80,0.75,0.01,1.9048299999999998
35,80,0.75,0.01,1.9069399999999996
40,80,0.75,0.01,1.9198399999999995
45,80,0.75,0.01,1.9532299999999998
50,80,0.75,0.01,1.9448999999999999
55,80,0.75,0.01,1.9775999999999998
60,80,0.75,0.01,1.9737
65,80,0.75,0.01,1.9728199999999998
70,80,0.75,0.01,1.9833299999999996
75,80,0.75,0.01,1.98964
80,80,0.75,0.01,1.9871899999999996
30,80,0.8,0.01,1.8958499999999991
35,80,0.8,0.01,1.92726
40,80,0.8,0.01,1.9212999999999996
45,80,0.8,0.01,1.95274
50,80,0.8,0.01,1.9455999999999998
55,80,0.8,0.01,1.9574200000000002
60,80,0.8,0.01,1.98803
65,80,0.8,0.01,1.97436
70,80,0.8,0.01,1.97909
75,80,0.8,0.01,1.9891299999999996
80,80,0.8,0.01,1.9831599999999998
30,80,0.85,0.01,1.9105499999999997
35,80,0.85,0.01,1.92115
40,80,0.85,0.01,1.96087
45,80,0.85,0.01,1.9573299999999996
50,80,0.85,0.01,1.9556499999999997
55,80,0.85,0.01,1.9610499999999995
60,80,0.85,0.01,1.9794200000000002
65,80,0.85,0.01,1.9757800000000003
70,80,0.85,0.01,1.9935
75,80,0.85,0.01,1.9882799999999998
80,80,0.85,0.01,1.99463
30,80,0.9,0.01,1.9241799999999998
35,80,0.9,0.01,1.9171799999999999
40,80,0.9,0.01,1.94047
45,80,0.9,0.01,1.9488400000000001
50,80,0.9,0.01,1.9457900000000004
55,80,0.9,0.01,1.9762
60,80,0.9,0.01,1.9753399999999999
65,80,0.9,0.01,1.9778799999999999
70,80,0.9,0.01,1.98063
75,80,0.9,0.01,1.9924299999999997
80,80,0.9,0.01,1.9909000000000001
30,90,0.5,0.0001,1.7200099999999994
35,90,0.5,0.0001,1.7422399999999998
40,90,0.5,0.0001,1.8015100000000002
45,90,0.5,0.0001,1.8098300000000003
50,90,0.5,0.0001,1.83374
55,90,0.5,0.0001,1.8595300000000003
60,90,0.5,0.0001,1.8678800000000004
65,90,0.5,0.0001,1.8687600000000004
70,90,0.5,0.0001,1.8943700000000003
75,90,0.5,0.0001,1.89591
80,90,0.5,0.0001,1.8927
30,90,0.55,0.0001,1.7445800000000005
35,90,0.55,0.0001,1.7811700000000001
40,90,0.55,0.0001,1.7695899999999998
45,90,0.55,0.0001,1.84213
50,90,0.55,0.0001,1.8365000000000002
55,90,0.55,0.0001,1.8559200000000007
60,90,0.55,0.0001,1.9012999999999998
65,90,0.55,0.0001,1.87946
70,90,0.55,0.0001,1.9039800000000002
75,90,0.55,0.0001,1.91569
80,90,0.55,0.0001,1.9364000000000001
30,90,0.6,0.0001,1.7550700000000008
35,90,0.6,0.0001,1.7805899999999997
40,90,0.6,0.0001,1.780220000000001
45,90,0.6,0.0001,1.82468
50,90,0.6,0.0001,1.8331100000000005
55,90,0.6,0.0001,1.8705800000000001
60,90,0.6,0.0001,1.89562
65,90,0.6,0.0001,1.875990000000001
70,90,0.6,0.0001,1.9076100000000002
75,90,0.6,0.0001,1.92845
80,90,0.6,0.0001,1.9139400000000004
30,90,0.65,0.0001,1.7660199999999997
35,90,0.65,0.0001,1.7837000000000005
40,90,0.65,0.0001,1.8264799999999999
45,90,0.65,0.0001,1.8266499999999999
50,90,0.65,0.0001,1.8330300000000006
55,90,0.65,0.0001,1.86034
60,90,0.65,0.0001,1.8864300000000003
65,90,0.65,0.0001,1.9381800000000005
70,90,0.65,0.0001,1.8988099999999997
75,90,0.65,0.0001,1.9240699999999995
80,90,0.65,0.0001,1.9528999999999996
30,90,0.7,0.0001,1.7396500000000004
35,90,0.7,0.0001,1.8114300000000003
40,90,0.7,0.0001,1.8091
45,90,0.7,0.0001,1.8506399999999998
50,90,0.7,0.0001,1.8745600000000013
55,90,0.7,0.0001,1.88006
60,90,0.7,0.0001,1.8827
65,90,0.7,0.0001,1.9235999999999995
70,90,0.7,0.0001,1.9087200000000004
75,90,0.7,0.0001,1.9360399999999993
80,90,0.7,0.0001,1.94516
30,90,0.75,0.0001,1.7528799999999998
35,90,0.75,0.0001,1.8099600000000005
40,90,0.75,0.0001,1.8388199999999995
45,90,0.75,0.0001,1.8781799999999997
50,90,0.75,0.0001,1.8754099999999996
55,90,0.75,0.0001,1.86705
60,90,0.75,0.0001,1.9242500000000005
65,90,0.75,0.0001,1.9142300000000003
70,90,0.75,0.0001,1.9267999999999998
75,90,0.75,0.0001,1.953330000000001
80,90,0.75,0.0001,1.95239
30,90,0.8,0.0001,1.7766300000000004
35,90,0.8,0.0001,1.7763799999999998
40,90,0.8,0.0001,1.83157
45,90,0.8,0.0001,1.86999
50,90,0.8,0.0001,1.8832099999999996
55,90,0.8,0.0001,1.8830200000000006
60,90,0.8,0.0001,1.9051599999999995
65,90,0.8,0.0001,1.9386700000000001
70,90,0.8,0.0001,1.9345800000000002
75,90,0.8,0.0001,1.9347
80,90,0.8,0.0001,1.9310099999999994
30,90,0.85,0.0001,1.7652100000000004
35,90,0.85,0.0001,1.81321
40,90,0.85,0.0001,1.8460700000000005
45,90,0.85,0.0001,1.84904
50,90,0.85,0.0001,1.8676199999999992
55,90,0.85,0.0001,1.89429
60,90,0.85,0.0001,1.92339
65,90,0.85,0.0001,1.9329799999999995
70,90,0.85,0.0001,1.9318699999999998
75,90,0.85,0.0001,1.9250199999999993
80,90,0.85,0.0001,1.92524
30,90,0.9,0.0001,1.7990000000000008
35,90,0.9,0.0001,1.7855799999999997
40,90,0.9,0.0001,1.8584800000000008
45,90,0.9,0.0001,1.85921
50,90,0.9,0.0001,1.8834200000000003
55,90,0.9,0.0001,1.9045399999999995
60,90,0.9,0.0001,1.9138800000000007
65,90,0.9,0.0001,1.9353099999999999
70,90,0.9,0.0001,1.9327500000000004
75,90,0.9,0.0001,1.9492299999999998
80,90,0.9,0.0001,1.9271
30,90,0.5,0.0005,1.7351299999999992
35,90,0.5,0.0005,1.7898200000000009
40,90,0.5,0.0005,1.8289200000000005
45,90,0.5,0.0005,1.8464700000000007
50,90,0.5,0.0005,1.8682000000000003
55,90,0.5,0.0005,1.8798199999999996
60,90,0.5,0.0005,1.8802800000000002
65,90,0.5,0.0005,1.90853
70,90,0.5,0.0005,1.8963800000000004
75,90,0.5,0.0005,1.8860300000000008
80,90,0.5,0.0005,1.9227900000000004
30,90,0.55,0.0005,1.7769300000000003
35,90,0.55,0.0005,1.7757799999999995
40,90,0.55,0.0005,1.8293799999999998
45,90,0.55,0.0005,1.8324700000000014
50,90,0.55,0.0005,1.8664300000000005
55,90,0.55,0.0005,1.8862199999999993
60,90,0.55,0.0005,1.8978700000000002
65,90,0.55,0.0005,1.8935499999999998
70,90,0.55,0.0005,1.9234800000000007
75,90,0.55,0.0005,1.93006
80,90,0.55,0.0005,1.9260599999999999
30,90,0.6,0.0005,1.76132
35,90,0.6,0.0005,1.7826700000000002
40,90,0.6,0.0005,1.83311
45,90,0.6,0.0005,1.85373
50,90,0.6,0.0005,1.8695700000000002
55,90,0.6,0.0005,1.9040700000000002
60,90,0.6,0.0005,1.8897799999999998
65,90,0.6,0.0005,1.9156
70,90,0.6,0.0005,1.9279100000000002
75,90,0.6,0.0005,1.9309699999999999
80,90,0.6,0.0005,1.9208499999999995
30,90,0.65,0.0005,1.7579500000000001
35,90,0.65,0.0005,1.8250800000000007
40,90,0.65,0.0005,1.80384
45,90,0.65,0.0005,1.831170000000001
50,90,0.65,0.0005,1.8541399999999997
55,90,0.65,0.0005,1.9159100000000007
60,90,0.65,0.0005,1.88659
65,90,0.65,0.0005,1.9035400000000005
70,90,0.65,0.0005,1.9293799999999997
75,90,0.65,0.0005,1.9211399999999998
80,90,0.65,0.0005,1.9423300000000006
30,90,0.7,0.0005,1.7066300000000008
35,90,0.7,0.0005,1.8338199999999998
40,90,0.7,0.0005,1.8514399999999989
45,90,0.7,0.0005,1.8599299999999996
50,90,0.7,0.0005,1.88365
55,90,0.7,0.0005,1.9013900000000004
60,90,0.7,0.0005,1.8995200000000005
65,90,0.7,0.0005,1.9296699999999998
70,90,0.7,0.0005,1.9280899999999996
75,90,0.7,0.0005,1.9202100000000002
80,90,0.7,0.0005,1.9523400000000002
30,90,0.75,0.0005,1.79658
35,90,0.75,0.0005,1.8249099999999996
40,90,0.75,0.0005,1.8285299999999998
45,90,0.75,0.0005,1.8552199999999999
50,90,0.75,0.0005,1.89929
55,90,0.75,0.0005,1.9007999999999998
60,90,0.75,0.0005,1.9188299999999998
65,90,0.75,0.0005,1.9102599999999992
70,90,0.75,0.0005,1.9300199999999996
75,90,0.75,0.0005,1.94016
80,90,0.75,0.0005,1.9352099999999999
30,90,0.8,0.0005,1.7947400000000004
35,90,0.8,0.0005,1.81611
40,90,0.8,0.0005,1.8485
45,90,0.8,0.0005,1.8602699999999999
50,90,0.8,0.0005,1.8748200000000004
55,90,0.8,0.0005,1.9080199999999998
60,90,0.8,0.0005,1.9047500000000002
65,90,0.8,0.0005,1.9221000000000004
70,90,0.8,0.0005,1.9429299999999996
75,90,0.8,0.0005,1.9528899999999998
80,90,0.8,0.0005,1.9523499999999994
30,90,0.85,0.0005,1.7886900000000008
35,90,0.85,0.0005,1.803940000000001
40,90,0.85,0.0005,1.8357800000000004
45,90,0.85,0.0005,1.8549999999999998
50,90,0.85,0.0005,1.86595
55,90,0.85,0.0005,1.87727
60,90,0.85,0.0005,1.9155399999999998
65,90,0.85,0.0005,1.93663
70,90,0.85,0.0005,1.94833
75,90,0.85,0.0005,1.9397499999999999
80,90,0.85,0.0005,1.94027
30,90,0.9,0.0005,1.7741700000000002
35,90,0.9,0.0005,1.8313499999999996
40,90,0.9,0.0005,1.8789399999999998
45,90,0.9,0.0005,1.8833099999999996
50,90,0.9,0.0005,1.93576
55,90,0.9,0.0005,1.9064300000000003
60,90,0.9,0.0005,1.9260300000000001
65,90,0.9,0.0005,1.94725
70,90,0.9,0.0005,1.94489
75,90,0.9,0.0005,1.9652999999999998
80,90,0.9,0.0005,1.95114
30,90,0.5,0.001,1.7416800000000001
35,90,0.5,0.001,1.7723300000000006
40,90,0.5,0.001,1.8211900000000003
45,90,0.5,0.001,1.8216800000000004
50,90,0.5,0.001,1.8733800000000005
55,90,0.5,0.001,1.87345
60,90,0.5,0.001,1.87877
65,90,0.5,0.001,1.9002299999999999
70,90,0.5,0.001,1.94807
75,90,0.5,0.001,1.9276
80,90,0.5,0.001,1.93528
30,90,0.55,0.001,1.77645
35,90,0.55,0.001,1.82575
40,90,0.55,0.001,1.8557599999999999
45,90,0.55,0.001,1.8358900000000002
50,90,0.55,0.001,1.8291599999999997
55,90,0.55,0.001,1.8896000000000004
60,90,0.55,0.001,1.9007799999999995
65,90,0.55,0.001,1.89197
70,90,0.55,0.001,1.9184300000000005
75,90,0.55,0.001,1.9321899999999999
80,90,0.55,0.001,1.9162899999999998
30,90,0.6,0.001,1.7739500000000001
35,90,0.6,0.001,1.7944
40,90,0.6,0.001,1.8248000000000006
45,90,0.6,0.001,1.8628699999999998
50,90,0.6,0.001,1.8771600000000002
55,90,0.6,0.001,1.89861
60,90,0.6,0.001,1.9197700000000004
65,90,0.6,0.001,1.9216499999999994
70,90,0.6,0.001,1.9172999999999996
75,90,0.6,0.001,1.91738
80,90,0.6,0.001,1.9356200000000003
30,90,0.65,0.001,1.7776100000000006
35,90,0.65,0.001,1.82069
40,90,0.65,0.001,1.8472300000000006
45,90,0.65,0.001,1.8666300000000007
50,90,0.65,0.001,1.8622899999999987
55,90,0.65,0.001,1.8920799999999993
60,90,0.65,0.001,1.8978899999999999
65,90,0.65,0.001,1.89918
70,90,0.65,0.001,1.9247199999999998
75,90,0.65,0.001,1.92567
80,90,0.65,0.001,1.9330600000000007
30,90,0.7,0.001,1.7957100000000006
35,90,0.7,0.001,1.8198800000000006
40,90,0.7,0.001,1.8628400000000003
45,90,0.7,0.001,1.87078
50,90,0.7,0.001,1.8768799999999999
55,90,0.7,0.001,1.9041200000000003
60,90,0.7,0.001,1.9222800000000004
65,90,0.7,0.001,1.9283299999999997
70,90,0.7,0.001,1.9389199999999998
75,90,0.7,0.001,1.9516999999999998
80,90,0.7,0.001,1.940549999999999
30,90,0.75,0.001,1.7843500000000008
35,90,0.75,0.001,1.7910799999999998
40,90,0.75,0.001,1.87565
45,90,0.75,0.001,1.8456100000000004
50,90,0.75,0.001,1.8948000000000005
55,90,0.75,0.001,1.9156199999999997
60,90,0.75,0.001,1.92997
65,90,0.75,0.001,1.9217399999999998
70,90,0.75,0.001,1.9513899999999997
75,90,0.75,0.001,1.94523
80,90,0.75,0.001,1.94378
30,90,0.8,0.001,1.7986600000000004
35,90,0.8,0.001,1.8805299999999994
40,90,0.8,0.001,1.8298400000000001
45,90,0.8,0.001,1.8660800000000006
50,90,0.8,0.001,1.9215599999999993
55,90,0.8,0.001,1.8915099999999996
60,90,0.8,0.001,1.90044
65,90,0.8,0.001,1.9215799999999998
70,90,0.8,0.001,1.9429299999999998
75,90,0.8,0.001,1.9563799999999996
80,90,0.8,0.001,1.9551300000000003
30,90,0.85,0.001,1.8042200000000002
35,90,0.85,0.001,1.82723
40,90,0.85,0.001,1.87151
45,90,0.85,0.001,1.86803
50,90,0.85,0.001,1.8880800000000009
55,90,0.85,0.001,1.9226299999999998
60,90,0.85,0.001,1.9167699999999999
65,90,0.85,0.001,1.9276899999999997
70,90,0.85,0.001,1.9290100000000003
75,90,0.85,0.001,1.9599099999999996
80,90,0.85,0.001,1.96063
30,90,0.9,0.001,1.7834699999999999
35,90,0.9,0.001,1.8072000000000006
40,90,0.9,0.001,1.8560800000000008
45,90,0.9,0.001,1.8833799999999992
50,90,0.9,0.001,1.9065499999999997
55,90,0.9,0.001,1.92341
60,90,0.9,0.001,1.92444
65,90,0.9,0.001,1.9264800000000002
70,90,0.9,0.001,1.95206
75,90,0.9,0.001,1.9554700000000005
80,90,0.9,0.001,1.9446999999999992
30,90,0.5,0.005,1.8146599999999995
35,90,0.5,0.005,1.86296
40,90,0.5,0.005,1.8326099999999996
45,90,0.5,0.005,1.8946399999999999
50,90,0.5,0.005,1.9182300000000003
55,90,0.5,0.005,1.9093900000000006
60,90,0.5,0.005,1.91343
65,90,0.5,0.005,1.9306299999999996
70,90,0.5,0.005,1.9357600000000001
75,90,0.5,0.005,1.97238
80,90,0.5,0.005,1.96185
30,90,0.55,0.005,1.8533800000000002
35,90,0.55,0.005,1.8711300000000006
40,90,0.55,0.005,1.91011
45,90,0.55,0.005,1.9084
50,90,0.55,0.005,1.9250100000000003
55,90,0.55,0.005,1.91209
60,90,0.55,0.005,1.9296299999999997
65,90,0.55,0.005,1.9554
70,90,0.55,0.005,1.9384099999999995
75,90,0.55,0.005,1.95471
80,90,0.55,0.005,1.9572099999999997
30,90,0.6,0.005,1.8392100000000005
35,90,0.6,0.005,1.8497999999999999
40,90,0.6,0.005,1.87073
45,90,0.6,0.005,1.9041999999999997
50,90,0.6,0.005,1.9244999999999999
55,90,0.6,0.005,1.9451799999999995
60,90,0.6,0.005,1.92786
65,90,0.6,0.005,1.9489599999999998
70,90,0.6,0.005,1.9650299999999998
75,90,0.6,0.005,1.9670400000000003
80,90,0.6,0.005,1.96275
30,90,0.65,0.005,1.8262699999999998
35,90,0.65,0.005,1.8866299999999996
40,90,0.65,0.005,1.8929399999999998
45,90,0.65,0.005,1.8944299999999998
50,90,0.65,0.005,1.9381499999999996
55,90,0.65,0.005,1.9121299999999994
60,90,0.65,0.005,1.9219199999999999
65,90,0.65,0.005,1.9646800000000002
70,90,0.65,0.005,1.9606299999999999
75,90,0.65,0.005,1.9529600000000005
80,90,0.65,0.005,1.9713500000000002
30,90,0.7,0.005,1.8677700000000004
35,90,0.7,0.005,1.9147800000000001
40,90,0.7,0.005,1.8885200000000004
45,90,0.7,0.005,1.9086200000000004
50,90,0.7,0.005,1.9199900000000003
55,90,0.7,0.005,1.92285
60,90,0.7,0.005,1.9422300000000003
65,90,0.7,0.005,1.9551800000000004
70,90,0.7,0.005,1.9565899999999998
75,90,0.7,0.005,1.9756799999999999
80,90,0.7,0.005,1.9698000000000002
30,90,0.75,0.005,1.84736
35,90,0.75,0.005,1.8741800000000004
40,90,0.75,0.005,1.90151
45,90,0.75,0.005,1.9199499999999998
50,90,0.75,0.005,1.9409799999999995
55,90,0.75,0.005,1.9373299999999998
60,90,0.75,0.005,1.9391899999999997
65,90,0.75,0.005,1.9691999999999998
70,90,0.75,0.005,1.9514100000000005
75,90,0.75,0.005,1.96811
80,90,0.75,0.005,1.9747700000000001
30,90,0.8,0.005,1.8533199999999994
35,90,0.8,0.005,1.86881
40,90,0.8,0.005,1.9132199999999997
45,90,0.8,0.005,1.92001
50,90,0.8,0.005,1.9251299999999998
55,90,0.8,0.005,1.9260299999999995
60,90,0.8,0.005,1.9414600000000002
65,90,0.8,0.005,1.9504299999999994
70,90,0.8,0.005,1.9684299999999997
75,90,0.8,0.005,1.9746200000000003
80,90,0.8,0.005,1.97401
30,90,0.85,0.005,1.8766599999999998
35,90,0.85,0.005,1.8617400000000004
40,90,0.85,0.005,1.8958100000000002
45,90,0.85,0.005,1.91946
50,90,0.85,0.005,1.91638
55,90,0.85,0.005,1.94757
60,90,0.85,0.005,1.9610299999999998
65,90,0.85,0.005,1.9543799999999993
70,90,0.85,0.005,1.9610000000000003
75,90,0.85,0.005,1.9843800000000003
80,90,0.85,0.005,1.9722799999999998
30,90,0.9,0.005,1.8655000000000002
35,90,0.9,0.005,1.88108
40,90,0.9,0.005,1.9210799999999997
45,90,0.9,0.005,1.9118700000000004
50,90,0.9,0.005,1.9450199999999997
55,90,0.9,0.005,1.9503699999999997
60,90,0.9,0.005,1.9702500000000003
65,90,0.9,0.005,1.9493599999999998
70,90,0.9,0.005,1.97654
75,90,0.9,0.005,1.9735000000000003
80,90,0.9,0.005,1.98026
30,90,0.5,0.01,1.8734199999999999
35,90,0.5,0.01,1.9330499999999995
40,90,0.5,0.01,1.9356300000000004
45,90,0.5,0.01,1.9605700000000001
50,90,0.5,0.01,1.9596999999999993
55,90,0.5,0.01,1.9762099999999998
60,90,0.5,0.01,1.9756
65,90,0.5,0.01,1.96999
70,90,0.5,0.01,1.9637699999999998
75,90,0.5,0.01,1.97735
80,90,0.5,0.01,1.9878900000000002
30,90,0.55,0.01,1.8887699999999998
35,90,0.55,0.01,1.9164700000000001
40,90,0.55,0.01,1.9293500000000001
45,90,0.55,0.01,1.94246
50,90,0.55,0.01,1.9384499999999998
55,90,0.55,0.01,1.9591699999999996
60,90,0.55,0.01,1.9610700000000003
65,90,0.55,0.01,1.96977
70,90,0.55,0.01,1.9814300000000005
75,90,0.55,0.01,1.9812299999999998
80,90,0.55,0.01,1.9904
30,90,0.6,0.01,1.8850900000000004
35,90,0.6,0.01,1.8891300000000002
40,90,0.6,0.01,1.9403400000000002
45,90,0.6,0.01,1.95008
50,90,0.6,0.01,1.95394
55,90,0.6,0.01,1.9633500000000004
60,90,0.6,0.01,1.9624000000000001
65,90,0.6,0.01,1.98243
70,90,0.6,0.01,1.9789599999999996
75,90,0.6,0.01,1.98714
80,90,0.6,0.01,1.98153
30,90,0.65,0.01,1.9185599999999996
35,90,0.65,0.01,1.91386
40,90,0.65,0.01,1.92204
45,90,0.65,0.01,1.9608100000000004
50,90,0.65,0.01,1.96567
55,90,0.65,0.01,1.9620899999999997
60,90,0.65,0.01,1.9875299999999998
65,90,0.65,0.01,1.9753099999999997
70,90,0.65,0.01,1.9784699999999997
75,90,0.65,0.01,1.9915800000000001
80,90,0.65,0.01,1.9890599999999998
30,90,0.7,0.01,1.9102800000000002
35,90,0.7,0.01,1.9294199999999997
40,90,0.7,0.01,1.9124199999999996
45,90,0.7,0.01,1.9630599999999998
50,90,0.7,0.01,1.9624199999999998
55,90,0.7,0.01,1.98515
60,90,0.7,0.01,1.9620100000000003
65,90,0.7,0.01,1.9706000000000001
70,90,0.7,0.01,1.98412
75,90,0.7,0.01,1.9852999999999996
80,90,0.7,0.01,1.98722
30,90,0.75,0.01,1.9071999999999993
35,90,0.75,0.01,1.9151799999999997
40,90,0.75,0.01,1.9330699999999998
45,90,0.75,0.01,1.94822
50,90,0.75,0.01,1.9754800000000001
55,90,0.75,0.01,1.97586
60,90,0.75,0.01,1.9923600000000001
65,90,0.75,0.01,1.9792299999999998
70,90,0.75,0.01,1.9865299999999997
75,90,0.75,0.01,1.99376
80,90,0.75,0.01,1.9922499999999999
30,90,0.8,0.01,1.902
35,90,0.8,0.01,1.90831
40,90,0.8,0.01,1.93528
45,90,0.8,0.01,1.9350600000000002
50,90,0.8,0.01,1.9749299999999996
55,90,0.8,0.01,1.9695999999999998
60,90,0.8,0.01,1.9860199999999997
65,90,0.8,0.01,1.97793
70,90,0.8,0.01,1.9868299999999999
75,90,0.8,0.01,1.98189
80,90,0.8,0.01,1.9941199999999997
30,90,0.85,0.01,1.9029000000000005
35,90,0.85,0.01,1.9380900000000003
40,90,0.85,0.01,1.95504
45,90,0.85,0.01,1.9402699999999995
50,90,0.85,0.01,1.9666899999999998
55,90,0.85,0.01,1.9696399999999996
60,90,0.85,0.01,1.9751799999999997
65,90,0.85,0.01,1.98962
70,90,0.85,0.01,1.98545
75,90,0.85,0.01,1.9885899999999999
80,90,0.85,0.01,1.98246
30,90,0.9,0.01,1.9426299999999999
35,90,0.9,0.01,1.9337299999999997
40,90,0.9,0.01,1.9437900000000001
45,90,0.9,0.01,1.9547400000000004
50,90,0.9,0.01,1.9785799999999998
55,90,0.9,0.01,1.98744
60,90,0.9,0.01,1.98748
65,90,0.9,0.01,1.9920100000000003
70,90,0.9,0.01,1.9877
75,90,0.9,0.01,1.9871499999999997
80,90,0.9,0.01,1.98769
30,100,0.5,0.0001,1.6710500000000008
35,100,0.5,0.0001,1.7168900000000007
40,100,0.5,0.0001,1.7776399999999992
45,100,0.5,0.0001,1.8010100000000009
50,100,0.5,0.0001,1.826610000000001
55,100,0.5,0.0001,1.8389699999999995
60,100,0.5,0.0001,1.89541
65,100,0.5,0.0001,1.87318
70,100,0.5,0.0001,1.90553
75,100,0.5,0.0001,1.8926100000000003
80,100,0.5,0.0001,1.9260199999999992
30,100,0.55,0.0001,1.6865899999999998
35,100,0.55,0.0001,1.73649
40,100,0.55,0.0001,1.77722
45,100,0.55,0.0001,1.840270000000001
50,100,0.55,0.0001,1.8511200000000003
55,100,0.55,0.0001,1.885700000000001
60,100,0.55,0.0001,1.9110999999999998
65,100,0.55,0.0001,1.8821400000000004
70,100,0.55,0.0001,1.8840899999999996
75,100,0.55,0.0001,1.92082
80,100,0.55,0.0001,1.9334800000000003
30,100,0.6,0.0001,1.7371100000000002
35,100,0.6,0.0001,1.7628099999999995
40,100,0.6,0.0001,1.7692000000000008
45,100,0.6,0.0001,1.8046999999999995
50,100,0.6,0.0001,1.8446500000000001
55,100,0.6,0.0001,1.8698399999999997
60,100,0.6,0.0001,1.8868300000000005
65,100,0.6,0.0001,1.8967900000000006
70,100,0.6,0.0001,1.91759
75,100,0.6,0.0001,1.9375600000000004
80,100,0.6,0.0001,1.9191100000000003
30,100,0.65,0.0001,1.7544900000000003
35,100,0.65,0.0001,1.786380000000001
40,100,0.65,0.0001,1.7796900000000004
45,100,0.65,0.0001,1.8430399999999998
50,100,0.65,0.0001,1.8609900000000001
55,100,0.65,0.0001,1.8772100000000007
60,100,0.65,0.0001,1.8840599999999994
65,100,0.65,0.0001,1.9136199999999994
70,100,0.65,0.0001,1.9041000000000015
75,100,0.65,0.0001,1.90711
80,100,0.65,0.0001,1.9435999999999996
30,100,0.7,0.0001,1.782330000000001
35,100,0.7,0.0001,1.7798299999999998
40,100,0.7,0.0001,1.8155299999999996
45,100,0.7,0.0001,1.86046
50,100,0.7,0.0001,1.86121
55,100,0.7,0.0001,1.8912399999999994
60,100,0.7,0.0001,1.8854599999999997
65,100,0.7,0.0001,1.89642
70,100,0.7,0.0001,1.9235600000000006
75,100,0.7,0.0001,1.9348199999999998
80,100,0.7,0.0001,1.9292699999999998
30,100,0.75,0.0001,1.7874100000000004
35,100,0.75,0.0001,1.8011000000000004
40,100,0.75,0.0001,1.8166400000000003
45,100,0.75,0.0001,1.8436000000000008
50,100,0.75,0.0001,1.8359100000000006
55,100,0.75,0.0001,1.8950900000000002
60,100,0.75,0.0001,1.9022400000000004
65,100,0.75,0.0001,1.9329400000000008
70,100,0.75,0.0001,1.9220500000000005
75,100,0.75,0.0001,1.94191
80,100,0.75,0.0001,1.9309499999999995
30,100,0.8,0.0001,1.7851499999999998
35,100,0.8,0.0001,1.81541
40,100,0.8,0.0001,1.8337899999999998
45,100,0.8,0.0001,1.8692999999999997
50,100,0.8,0.0001,1.8765699999999998
55,100,0.8,0.0001,1.8967699999999998
60,100,0.8,0.0001,1.9242999999999997
65,100,0.8,0.0001,1.8928
70,100,0.8,0.0001,1.9296600000000002
75,100,0.8,0.0001,1.95883
80,100,0.8,0.0001,1.9415900000000001
30,100,0.85,0.0001,1.7758699999999998
35,100,0.85,0.0001,1.8431199999999999
40,100,0.85,0.0001,1.8327700000000005
45,100,0.85,0.0001,1.8551700000000002
50,100,0.85,0.0001,1.8979800000000002
55,100,0.85,0.0001,1.9195400000000005
60,100,0.85,0.0001,1.9101600000000007
65,100,0.85,0.0001,1.9134299999999995
70,100,0.85,0.0001,1.95983
75,100,0.85,0.0001,1.9405199999999996
80,100,0.85,0.0001,1.9443399999999997
30,100,0.9,0.0001,1.7997299999999996
35,100,0.9,0.0001,1.7995800000000006
40,100,0.9,0.0001,1.8201299999999998
45,100,0.9,0.0001,1.8767699999999998
50,100,0.9,0.0001,1.879950000000001
55,100,0.9,0.0001,1.9197899999999999
60,100,0.9,0.0001,1.91065
65,100,0.9,0.0001,1.9260499999999994
70,100,0.9,0.0001,1.9406599999999994
75,100,0.9,0.0001,1.9438100000000003
80,100,0.9,0.0001,1.9431000000000005
30,100,0.5,0.0005,1.72376
35,100,0.5,0.0005,1.7172000000000005
40,100,0.5,0.0005,1.8002999999999991
45,100,0.5,0.0005,1.8269499999999999
50,100,0.5,0.0005,1.8436800000000002
55,100,0.5,0.0005,1.8346200000000004
60,100,0.5,0.0005,1.8716099999999998
65,100,0.5,0.0005,1.8679400000000002
70,100,0.5,0.0005,1.89736
75,100,0.5,0.0005,1.9214100000000003
80,100,0.5,0.0005,1.9382799999999998
30,100,0.55,0.0005,1.7455700000000005
35,100,0.55,0.0005,1.7884200000000003
40,100,0.55,0.0005,1.8189900000000006
45,100,0.55,0.0005,1.8588899999999997
50,100,0.55,0.0005,1.8668099999999999
55,100,0.55,0.0005,1.8749200000000001
60,100,0.55,0.0005,1.9053299999999995
65,100,0.55,0.0005,1.8728699999999996
70,100,0.55,0.0005,1.8952699999999998
75,100,0.55,0.0005,1.92814
80,100,0.55,0.0005,1.9318300000000002
30,100,0.6,0.0005,1.7318500000000006
35,100,0.6,0.0005,1.8169500000000007
40,100,0.6,0.0005,1.8365200000000002
45,100,0.6,0.0005,1.8361200000000004
50,100,0.6,0.0005,1.8375999999999997
55,100,0.6,0.0005,1.8775799999999996
60,100,0.6,0.0005,1.8960500000000005
65,100,0.6,0.0005,1.89316
70,100,0.6,0.0005,1.93121
75,100,0.6,0.0005,1.92538
80,100,0.6,0.0005,1.9425999999999997
30,100,0.65,0.0005,1.7551599999999998
35,100,0.65,0.0005,1.7984799999999999
40,100,0.65,0.0005,1.8298700000000006
45,100,0.65,0.0005,1.87293
50,100,0.65,0.0005,1.8798300000000003
55,100,0.65,0.0005,1.90719
60,100,0.65,0.0005,1.9056600000000001
65,100,0.65,0.0005,1.9023999999999999
70,100,0.65,0.0005,1.9090500000000006
75,100,0.65,0.0005,1.9359600000000001
80,100,0.65,0.0005,1.9445699999999997
30,100,0.7,0.0005,1.7900400000000003
35,100,0.7,0.0005,1.8326000000000005
40,100,0.7,0.0005,1.8288999999999995
45,100,0.7,0.0005,1.8666899999999997
50,100,0.7,0.0005,1.8858799999999996
55,100,0.7,0.0005,1.8778600000000003
60,100,0.7,0.0005,1.91321
65,100,0.7,0.0005,1.9203799999999995
70,100,0.7,0.0005,1.9401000000000002
75,100,0.7,0.0005,1.9468899999999996
80,100,0.7,0.0005,1.9477799999999998
30,100,0.75,0.0005,1.7958399999999994
35,100,0.75,0.0005,1.8402000000000003
40,100,0.75,0.0005,1.82015
45,100,0.75,0.0005,1.8590999999999998
50,100,0.75,0.0005,1.8553600000000003
55,100,0.75,0.0005,1.8861900000000003
60,100,0.75,0.0005,1.9087899999999995
65,100,0.75,0.0005,1.9308099999999992
70,100,0.75,0.0005,1.9417099999999996
75,100,0.75,0.0005,1.9249599999999996
80,100,0.75,0.0005,1.9485899999999998
30,100,0.8,0.0005,1.7466699999999997
35,100,0.8,0.0005,1.8152600000000008
40,100,0.8,0.0005,1.8589000000000007
45,100,0.8,0.0005,1.8584
50,100,0.8,0.0005,1.9091
55,100,0.8,0.0005,1.91886
60,100,0.8,0.0005,1.92365
65,100,0.8,0.0005,1.9206300000000005
70,100,0.8,0.0005,1.94897
75,100,0.8,0.0005,1.9354599999999997
80,100,0.8,0.0005,1.9524299999999999
30,100,0.85,0.0005,1.7801500000000001
35,100,0.85,0.0005,1.82331
40,100,0.85,0.0005,1.86493
45,100,0.85,0.0005,1.8536200000000005
50,100,0.85,0.0005,1.86852
55,100,0.85,0.0005,1.9100500000000002
60,100,0.85,0.0005,1.91763
65,100,0.85,0.0005,1.9327599999999998
70,100,0.85,0.0005,1.94762
75,100,0.85,0.0005,1.94232
80,100,0.85,0.0005,1.9588000000000005
30,100,0.9,0.0005,1.7929499999999998
35,100,0.9,0.0005,1.8244800000000003
40,100,0.9,0.0005,1.8175500000000004
45,100,0.9,0.0005,1.8852900000000004
50,100,0.9,0.0005,1.8688899999999997
55,100,0.9,0.0005,1.9054800000000005
60,100,0.9,0.0005,1.92311
65,100,0.9,0.0005,1.9347699999999997
70,100,0.9,0.0005,1.9436300000000009
75,100,0.9,0.0005,1.9708399999999997
80,100,0.9,0.0005,1.9485300000000003
30,100,0.5,0.001,1.75801
35,100,0.5,0.001,1.7452700000000005
40,100,0.5,0.001,1.8466
45,100,0.5,0.001,1.8247800000000003
50,100,0.5,0.001,1.8446200000000004
55,100,0.5,0.001,1.8738800000000009
60,100,0.5,0.001,1.909210000000001
65,100,0.5,0.001,1.8989500000000001
70,100,0.5,0.001,1.9152599999999997
75,100,0.5,0.001,1.9007799999999995
80,100,0.5,0.001,1.92654
30,100,0.55,0.001,1.73804
35,100,0.55,0.001,1.8033299999999999
40,100,0.55,0.001,1.834000000000001
45,100,0.55,0.001,1.8675999999999997
50,100,0.55,0.001,1.8751200000000003
55,100,0.55,0.001,1.8621800000000002
60,100,0.55,0.001,1.8745000000000003
65,100,0.55,0.001,1.9071299999999995
70,100,0.55,0.001,1.9079599999999997
75,100,0.55,0.001,1.90707
80,100,0.55,0.001,1.9494799999999999
30,100,0.6,0.001,1.7400200000000006
35,100,0.6,0.001,1.8388600000000006
40,100,0.6,0.001,1.8332099999999998
45,100,0.6,0.001,1.8501100000000008
50,100,0.6,0.001,1.8829099999999996
55,100,0.6,0.001,1.8913600000000002
60,100,0.6,0.001,1.8935900000000003
65,100,0.6,0.001,1.8900400000000004
70,100,0.6,0.001,1.9378500000000003
75,100,0.6,0.001,1.9226699999999994
80,100,0.6,0.001,1.9261700000000004
30,100,0.65,0.001,1.754360000000001
35,100,0.65,0.001,1.8149400000000007
40,100,0.65,0.001,1.83187
45,100,0.65,0.001,1.8732500000000005
50,100,0.65,0.001,1.85004
55,100,0.65,0.001,1.8905399999999997
60,100,0.65,0.001,1.9155099999999994
65,100,0.65,0.001,1.93277
70,100,0.65,0.001,1.9085699999999994
75,100,0.65,0.001,1.9445900000000003
80,100,0.65,0.001,1.92222
30,100,0.7,0.001,1.8167400000000007
35,100,0.7,0.001,1.80689
40,100,0.7,0.001,1.8643300000000003
45,100,0.7,0.001,1.8667600000000006
50,100,0.7,0.001,1.8905699999999999
55,100,0.7,0.001,1.8817499999999994
60,100,0.7,0.001,1.89808
65,100,0.7,0.001,1.9124499999999998
70,100,0.7,0.001,1.93808
75,100,0.7,0.001,1.9333500000000001
80,100,0.7,0.001,1.95788
30,100,0.75,0.001,1.78896
35,100,0.75,0.001,1.84792
40,100,0.75,0.001,1.8524600000000007
45,100,0.75,0.001,1.86027
50,100,0.75,0.001,1.8789899999999997
55,100,0.75,0.001,1.90576
60,100,0.75,0.001,1.9164099999999997
65,100,0.75,0.001,1.9060600000000005
70,100,0.75,0.001,1.92169
75,100,0.75,0.001,1.95096
80,100,0.75,0.001,1.9564499999999996
30,100,0.8,0.001,1.8085200000000001
35,100,0.8,0.001,1.8436100000000002
40,100,0.8,0.001,1.8552900000000003
45,100,0.8,0.001,1.8804900000000004
50,100,0.8,0.001,1.9075799999999998
55,100,0.8,0.001,1.8996299999999997
60,100,0.8,0.001,1.93315
65,100,0.8,0.001,1.9425699999999997
70,100,0.8,0.001,1.9384700000000001
75,100,0.8,0.001,1.9510099999999997
80,100,0.8,0.001,1.9492399999999994
30,100,0.85,0.001,1.7935100000000004
35,100,0.85,0.001,1.8261500000000002
40,100,0.85,0.001,1.8529400000000005
45,100,0.85,0.001,1.8618700000000001
50,100,0.85,0.001,1.9323799999999998
55,100,0.85,0.001,1.8956299999999997
60,100,0.85,0.001,1.9317099999999996
65,100,0.85,0.001,1.94224
70,100,0.85,0.001,1.9441299999999995
75,100,0.85,0.001,1.96932
80,100,0.85,0.001,1.9535499999999997
30,100,0.9,0.001,1.8179699999999999
35,100,0.9,0.001,1.84248
40,100,0.9,0.001,1.8869799999999999
45,100,0.9,0.001,1.9100499999999996
50,100,0.9,0.001,1.90065
55,100,0.9,0.001,1.9131700000000003
60,100,0.9,0.001,1.94983
65,100,0.9,0.001,1.9497699999999996
70,100,0.9,0.001,1.93925
75,100,0.9,0.001,1.9484199999999996
80,100,0.9,0.001,1.94273
30,100,0.5,0.005,1.8279300000000003
35,100,0.5,0.005,1.8409200000000001
40,100,0.5,0.005,1.9021300000000003
45,100,0.5,0.005,1.8933099999999996
50,100,0.5,0.005,1.9217199999999994
55,100,0.5,0.005,1.9141799999999998
60,100,0.5,0.005,1.9211399999999998
65,100,0.5,0.005,1.95315
70,100,0.5,0.005,1.96272
75,100,0.5,0.005,1.9564100000000002
80,100,0.5,0.005,1.9739199999999997
30,100,0.55,0.005,1.80212
35,100,0.55,0.005,1.8617400000000002
40,100,0.55,0.005,1.8728200000000002
45,100,0.55,0.005,1.9143100000000002
50,100,0.55,0.005,1.9351999999999998
55,100,0.55,0.005,1.92666
60,100,0.55,0.005,1.94595
65,100,0.55,0.005,1.9415099999999996
70,100,0.55,0.005,1.9624199999999998
75,100,0.55,0.005,1.9716399999999994
80,100,0.55,0.005,1.96861
30,100,0.6,0.005,1.8539099999999997
35,100,0.6,0.005,1.8758699999999997
40,100,0.6,0.005,1.88824
45,100,0.6,0.005,1.8881299999999999
50,100,0.6,0.005,1.9378999999999997
55,100,0.6,0.005,1.9313200000000001
60,100,0.6,0.005,1.9462499999999994
65,100,0.6,0.005,1.9568300000000003
70,100,0.6,0.005,1.94143
75,100,0.6,0.005,1.95774
80,100,0.6,0.005,1.9688500000000002
30,100,0.65,0.005,1.85884
35,100,0.65,0.005,1.8789499999999992
40,100,0.65,0.005,1.9080799999999996
45,100,0.65,0.005,1.9285899999999996
50,100,0.65,0.005,1.9369700000000003
55,100,0.65,0.005,1.9445699999999997
60,100,0.65,0.005,1.9381699999999995
65,100,0.65,0.005,1.9509699999999999
70,100,0.65,0.005,1.9567799999999997
75,100,0.65,0.005,1.9602399999999998
80,100,0.65,0.005,1.9657
30,100,0.7,0.005,1.8400900000000004
35,100,0.7,0.005,1.8413500000000003
40,100,0.7,0.005,1.86856
45,100,0.7,0.005,1.9240299999999997
50,100,0.7,0.005,1.9171499999999997
55,100,0.7,0.005,1.94868
60,100,0.7,0.005,1.9470999999999998
65,100,0.7,0.005,1.9524200000000003
70,100,0.7,0.005,1.9562
75,100,0.7,0.005,1.96111
80,100,0.7,0.005,1.97307
30,100,0.75,0.005,1.8556700000000002
35,100,0.75,0.005,1.9078799999999996
40,100,0.75,0.005,1.8806300000000002
45,100,0.75,0.005,1.9359400000000002
50,100,0.75,0.005,1.9285000000000005
55,100,0.75,0.005,1.94655
60,100,0.75,0.005,1.94309
65,100,0.75,0.005,1.9570100000000001
70,100,0.75,0.005,1.9717799999999999
75,100,0.75,0.005,1.98299
80,100,0.75,0.005,1.9818599999999997
30,100,0.8,0.005,1.86507
35,100,0.8,0.005,1.8697099999999998
40,100,0.8,0.005,1.9008099999999999
45,100,0.8,0.005,1.9051699999999996
50,100,0.8,0.005,1.94256
55,100,0.8,0.005,1.9433399999999998
60,100,0.8,0.005,1.9516800000000003
65,100,0.8,0.005,1.9623399999999998
70,100,0.8,0.005,1.9670499999999995
75,100,0.8,0.005,1.9573799999999995
80,100,0.8,0.005,1.9791199999999998
30,100,0.85,0.005,1.8537499999999998
35,100,0.85,0.005,1.86506
40,100,0.85,0.005,1.8933799999999996
45,100,0.85,0.005,1.9245999999999999
50,100,0.85,0.005,1.9507999999999996
55,100,0.85,0.005,1.9520599999999997
60,100,0.85,0.005,1.9527599999999998
65,100,0.85,0.005,1.9650100000000001
70,100,0.85,0.005,1.9723899999999999
75,100,0.85,0.005,1.9728200000000005
80,100,0.85,0.005,1.9712799999999995
30,100,0.9,0.005,1.8670299999999995
35,100,0.9,0.005,1.9093199999999997
40,100,0.9,0.005,1.9173199999999997
45,100,0.9,0.005,1.9218800000000003
50,100,0.9,0.005,1.9578
55,100,0.9,0.005,1.93622
60,100,0.9,0.005,1.9561499999999998
65,100,0.9,0.005,1.97899
70,100,0.9,0.005,1.98063
75,100,0.9,0.005,1.9885699999999997
80,100,0.9,0.005,1.9758099999999998
30,100,0.5,0.01,1.9220000000000002
35,100,0.5,0.01,1.91902
40,100,0.5,0.01,1.91743
45,100,0.5,0.01,1.9429500000000002
50,100,0.5,0.01,1.9599600000000001
55,100,0.5,0.01,1.98135
60,100,0.5,0.01,1.9513699999999998
65,100,0.5,0.01,1.9749500000000004
70,100,0.5,0.01,1.975
75,100,0.5,0.01,1.98596
80,100,0.5,0.01,1.9751899999999996
30,100,0.55,0.01,1.87911
35,100,0.55,0.01,1.93516
40,100,0.55,0.01,1.94166
45,100,0.55,0.01,1.9401699999999997
50,100,0.55,0.01,1.9620399999999998
55,100,0.55,0.01,1.9545400000000002
60,100,0.55,0.01,1.9807299999999999
65,100,0.55,0.01,1.98708
70,100,0.55,0.01,1.9838799999999994
75,100,0.55,0.01,1.99087
80,100,0.55,0.01,1.9916899999999997
30,100,0.6,0.01,1.94017
35,100,0.6,0.01,1.92007
40,100,0.6,0.01,1.94522
45,100,0.6,0.01,1.94428
50,100,0.6,0.01,1.96959
55,100,0.6,0.01,1.9716299999999998
60,100,0.6,0.01,1.96006
65,100,0.6,0.01,1.9791599999999996
70,100,0.6,0.01,1.9740799999999996
75,100,0.6,0.01,1.9853799999999995
80,100,0.6,0.01,1.98565
30,100,0.65,0.01,1.9283899999999996
35,100,0.65,0.01,1.9063300000000003
40,100,0.65,0.01,1.9348199999999998
45,100,0.65,0.01,1.96601
50,100,0.65,0.01,1.95224
55,100,0.65,0.01,1.9790100000000002
60,100,0.65,0.01,1.9754899999999997
65,100,0.65,0.01,1.98758
70,100,0.65,0.01,1.98409
75,100,0.65,0.01,1.9836999999999998
80,100,0.65,0.01,1.9872999999999998
30,100,0.7,0.01,1.9121799999999995
35,100,0.7,0.01,1.89536
40,100,0.7,0.01,1.9497300000000002
45,100,0.7,0.01,1.9284199999999998
50,100,0.7,0.01,1.9650699999999999
55,100,0.7,0.01,1.97376
60,100,0.7,0.01,1.9547000000000005
65,100,0.7,0.01,1.99082
70,100,0.7,0.01,1.98716
75,100,0.7,0.01,1.9748900000000003
80,100,0.7,0.01,1.99079
30,100,0.75,0.01,1.8985799999999997
35,100,0.75,0.01,1.91971
40,100,0.75,0.01,1.9502899999999996
45,100,0.75,0.01,1.9637499999999997
50,100,0.75,0.01,1.9697499999999997
55,100,0.75,0.01,1.9747999999999997
60,100,0.75,0.01,1.97466
65,100,0.75,0.01,1.9749100000000002
70,100,0.75,0.01,1.9867299999999997
75,100,0.75,0.01,1.9836700000000003
80,100,0.75,0.01,1.98007
30,100,0.8,0.01,1.8915499999999994
35,100,0.8,0.01,1.92545
40,100,0.8,0.01,1.96179
45,100,0.8,0.01,1.9340000000000002
50,100,0.8,0.01,1.9854199999999997
55,100,0.8,0.01,1.9760299999999997
60,100,0.8,0.01,1.9783600000000001
65,100,0.8,0.01,1.9837699999999998
70,100,0.8,0.01,1.9905099999999998
75,100,0.8,0.01,1.98401
80,100,0.8,0.01,1.99257
30,100,0.85,0.01,1.9081699999999997
35,100,0.85,0.01,1.93732
40,100,0.85,0.01,1.9615599999999997
45,100,0.85,0.01,1.9692599999999998
50,100,0.85,0.01,1.9572299999999998
55,100,0.85,0.01,1.9724100000000004
60,100,0.85,0.01,1.98153
65,100,0.85,0.01,1.9905499999999996
70,100,0.85,0.01,1.98628
75,100,0.85,0.01,1.9897299999999998
80,100,0.85,0.01,1.99466
30,100,0.9,0.01,1.9232599999999997
35,100,0.9,0.01,1.9373800000000003
40,100,0.9,0.01,1.9671499999999997
45,100,0.9,0.01,1.96102
50,100,0.9,0.01,1.9628200000000005
55,100,0.9,0.01,1.98063
60,100,0.9,0.01,1.97297
65,100,0.9,0.01,1.9887699999999997
70,100,0.9,0.01,1.98838
75,100,0.9,0.01,1.9906099999999998
80,100,0.9,0.01,1.9893800000000001
